CUSTOMER_SK,NO_OF_PRODUCT,DISTINCT_PRODUCT,TOTAL_REVENUE,NO_OF_VISIT,AVERAGE_PRICE,PERCENTAGE_BASKETS_WEEKEND
1,1342702,28468,4804677.631,369037,3.372128658,1.086
37143973,1293,545,6194.90862,68,3.877448453,1.5294
60434066,1248,555,6068.58859,79,3.920600921,1.443
64947261,1210,289,5760.74962,205,3.810395793,1.3415
64593270,1401,766,5619.1092,138,3.747503678,2.8188
28313518,802,401,5123.06845,29,4.470073835,10.7586
61056436,807,408,5045.31831,25,4.266839173,20.68
59564026,1035,527,4734.23892,37,4.113467778,19.7568
59427755,902,320,4640.33894,23,4.377443575,10.7826
40180526,1328,439,4587.13994,80,3.309427947,9.45
61044591,1016,449,4347.7692,51,3.858535023,5.5098
28210412,971,448,4328.36926,34,4.082665562,6.8824
21159049,954,570,4262.59923,51,4.167735544,6.4314
59564457,764,348,4243.6889,104,4.659998709,1.375
22283241,839,482,4157.08901,31,4.496663551,18.8387
59428177,962,567,4140.61963,44,4.068162492,0.9318
52236223,1037,578,4135.97949,140,3.797451949,1.8571
21155117,921,402,4128.70953,53,3.935230658,2.9245
21703010,839,457,4063.00906,50,4.127554982,3.4
59427796,897,408,3982.31922,44,3.719779809,7.7955
37161495,764,434,3978.33921,30,4.2171706,11.2333
22114258,930,372,3963.84938,27,3.753783738,8.963
58907751,886,432,3952.59934,117,4.182114364,2.3932
21472963,894,467,3943.09947,103,4.196888438,2.3981
61765847,782,445,3934.33918,41,4.132646145,3.5122
59089143,792,395,3931.16918,56,4.400322517,5.3571
61154597,837,350,3884.45929,53,4.338962619,1.6604
59578232,824,116,3858.0692,88,4.061139447,0.875
59490408,962,513,3847.97941,171,3.803570621,1.5439
37350043,870,410,3791.11952,49,4.011658292,7.3878
21476267,840,454,3770.4396,24,4.103433015,1.5833
59076986,745,357,3762.40918,51,4.651097574,3.5686
22286370,697,319,3736.01901,33,4.170359361,6.6667
58642266,833,357,3697.38954,52,3.890025735,2.2308
21352906,774,405,3674.69917,64,4.11129566,3.7969
60540209,826,513,3668.36946,34,4.081465383,8.1176
22114197,683,244,3628.34884,20,4.475139282,31.75
20848665,690,442,3614.82917,28,4.756332352,2.8929
59564034,790,385,3612.24952,50,4.241818462,8.74
22283800,663,270,3580.07921,104,4.602071963,1.9904
21703021,995,429,3579.65984,101,3.221759336,2.9703
34343937,759,406,3578.17923,35,4.245923181,12
58262625,749,508,3573.04955,36,4.061659531,9.4722
37153512,715,353,3560.94933,13,4.37175232,20.3077
58883863,756,329,3546.8893,42,4.053050087,2.8571
60899623,936,284,3535.82971,52,3.889127952,6.5577
21592137,789,207,3514.8093,124,3.510177864,1.7823
60676826,794,387,3502.5595,29,4.152551065,17.7931
22283251,773,372,3502.00963,50,4.157430313,10.08
36338607,877,437,3491.17958,139,3.834377448,1.6043
58392864,673,412,3485.77919,31,4.739336019,3.3871
20739146,732,377,3480.26925,34,4.243186079,19.8529
21444732,774,311,3427.39945,40,4.002018019,3.95
62301350,616,318,3405.62907,22,4.499200831,17.1818
61045226,670,427,3393.20952,22,4.306195262,3.8182
58452703,786,368,3383.81953,32,3.754224885,16.0313
59564442,761,296,3365.8795,57,4.109404016,3.4561
59793790,642,120,3365.59892,47,4.388977587,1.1489
20693643,726,530,3291.67957,39,3.913884612,11.2564
58240099,717,374,3287.16933,38,4.024634851,5.6053
20943825,813,259,3232.97987,49,3.705184594,7.0204
58338429,642,407,3232.75935,29,4.337355545,7.5517
59566489,607,282,3220.44926,27,4.303017742,5.7778
58870832,673,324,3212.98933,18,4.320630119,1.5
25336169,608,295,3206.13924,22,4.784828091,6.3636
59913622,829,367,3205.26965,34,3.739608362,16.7059
22283257,702,355,3182.57934,45,4.122044429,6.1778
58983956,840,438,3178.72957,48,3.635551788,12.9167
59057988,691,443,3177.80953,31,3.934958379,8.1935
21688234,621,352,3165.03943,36,4.726220257,5.3889
23722085,724,336,3162.57947,26,3.879198441,12.1923
58239439,729,389,3162.10927,70,3.968539058,2.7714
59691053,683,449,3154.81944,87,4.027562164,1.908
21123217,586,351,3132.05921,38,4.548779286,3.3947
58645662,689,438,3129.26949,40,4.277118568,3.95
58613964,574,370,3121.46915,38,4.546540583,3.9211
36769106,623,415,3119.38948,27,4.270998798,5.3704
39937223,638,256,3117.65943,21,4.386589011,0.0476
22206723,703,401,3107.53948,47,3.912832256,1.9574
38983543,765,467,3104.50965,105,3.891278853,2.5238
59039674,692,382,3101.1295,71,3.616864239,2.6479
21701323,583,306,3096.66899,39,4.316151075,0.4359
37107316,701,325,3096.21954,63,3.480755173,4.5873
58645609,577,380,3087.04943,20,4.356918181,6.7
59564039,676,333,3082.34933,47,4.156606153,3.7021
22301160,681,116,3078.68948,62,3.938841322,0.7742
54013758,611,229,3044.25981,77,4.013138522,1.2987
60664447,515,252,3037.92891,18,4.534292418,18.1111
21584436,859,253,3037.67976,290,3.326072497,0.7345
59504665,686,232,3021.13967,81,3.811764744,0
37353924,790,402,3012.20962,37,3.698468581,3.8919
22286348,767,348,2999.48983,66,3.765851678,6.8939
41538512,611,304,2990.94934,47,3.687268373,4.5745
39317622,748,409,2985.4198,59,4.110472819,2.7119
36164600,706,281,2984.84953,32,3.985270014,2.4063
21561441,742,384,2977.52962,43,3.793583214,12.5116
22287906,550,302,2969.08912,37,4.859977386,6.1351
59502886,700,402,2967.23958,46,3.942099643,3.0435
58910480,635,365,2961.12929,40,4.387123759,2.3
58299728,644,340,2951.37947,29,4.158655148,20.8276
59794466,719,448,2939.28965,108,4.06275358,2.3333
38988153,642,318,2921.99965,56,4.313806136,0.7679
60416645,599,345,2920.79927,129,2.922398915,0.6667
59607596,650,301,2918.0196,25,3.687602312,2.12
60084673,723,327,2910.12971,40,3.895400095,3.55
58657920,721,293,2908.04974,71,3.74636987,1.6197
59910413,553,243,2905.04927,56,4.781002446,2.2679
58266455,601,370,2873.95947,51,4.531855333,3.1765
59427733,397,146,2846.25802,82,4.448171254,1.3049
39741082,843,474,2836.22993,35,3.425023934,5.2857
58831091,551,324,2826.33951,31,4.336600786,5.8387
22283777,642,273,2826.04942,38,4.123656447,4.4211
22448137,628,400,2825.67955,65,3.894520519,1.3538
58808222,574,335,2822.7295,59,4.135879403,2.4237
59566474,779,343,2812.77986,75,3.516438523,4.3333
59752418,857,369,2795.93989,94,3.194880411,2.6702
59920039,543,142,2791.36955,79,4.572393221,4.6203
21173320,670,279,2785.36975,56,3.94832543,4.1964
59577999,764,407,2775.90983,97,3.680710193,5.134
59579364,717,326,2763.80967,93,3.412303772,1.9355
23635344,607,303,2757.6697,36,4.2330051,1.4444
58283072,656,308,2734.32965,42,3.642767079,12.5952
22114167,392,137,2726.8282,80,4.114515292,1.45
21621964,512,242,2720.54928,56,4.482155821,4.5
51835173,679,315,2719.77969,29,3.853941434,16.3448
62349068,605,418,2716.34969,26,4.102362314,6.0385
59564876,708,476,2715.68967,37,3.659577592,3.6757
59106914,531,413,2713.51942,21,4.575210652,4.2381
58872822,683,373,2708.40963,49,3.57634523,2.8571
21432192,622,310,2700.90946,33,4.110955413,5.6364
22302616,685,318,2695.19967,75,3.557542323,2.4533
59459473,636,158,2685.96985,19,3.832631396,0
35109326,777,421,2682.2198,69,3.37156751,4.0145
39314414,615,152,2681.13978,18,3.857220155,0
22208972,687,266,2680.98984,75,3.617985631,0.3333
22642065,674,294,2677.73959,21,3.737677954,2.7143
58237558,591,266,2675.65963,25,3.987080772,1.64
22562109,697,491,2672.90979,25,3.371126875,10.56
61373866,631,232,2671.21976,87,3.93998898,1.4828
58341594,558,274,2670.44962,60,4.297075253,2.8333
59531190,661,301,2664.30963,46,3.59314542,2.6522
59427703,918,316,2662.05978,127,2.655469465,2.3701
22114791,644,334,2648.40958,100,3.687796438,1.67
58474854,537,280,2647.79949,61,4.408881816,3.6393
21272846,588,365,2645.62964,11,4.296247928,0
59829841,709,289,2641.21969,23,3.448295159,0.3913
40047305,608,391,2639.64956,38,3.986505985,3.8158
58890296,527,268,2632.40934,23,4.124931807,10.9565
21452032,539,259,2629.85929,17,4.071254627,22.6471
62344524,650,222,2622.39962,72,3.904888465,3.2639
22540295,738,319,2617.96988,88,3.403892507,3.0568
59618289,583,264,2605.51972,58,3.744826986,2.6897
58327318,598,390,2605.3896,35,3.944133857,3
22114425,785,406,2600.25959,171,2.977261032,1.5439
62430433,620,227,2595.31969,33,3.781441656,5.5152
59003863,689,178,2585.56962,119,3.199818662,1.5294
20666033,586,312,2585.48941,52,4.109718478,4.0385
59487318,636,313,2583.51979,31,3.905740976,5.6452
20759298,583,318,2576.73964,50,4.045662087,3.5
59077043,806,429,2572.73969,104,3.132722535,2.4038
22760738,511,169,2572.73952,66,4.361656316,4.6061
59751318,657,345,2568.27979,51,3.950412298,1.5882
60637096,628,315,2565.28978,26,3.971387577,0.5385
22114125,798,329,2545.44984,110,2.913563781,2.0818
60349370,569,265,2542.61947,43,3.826621708,8.0465
58642186,608,282,2541.17958,31,3.521625171,4.1935
59077582,566,289,2540.81964,40,4.085255415,4.5
51829265,570,250,2534.46967,21,4.029446902,15.0476
59564896,555,302,2524.69944,35,3.925507505,0
21656683,546,337,2524.20972,35,4.049068536,9.2857
58234395,671,316,2520.29971,38,3.4002812,7.0263
60484821,572,382,2514.23962,51,4.161197889,2.2549
61813890,525,290,2508.37952,12,4.190415969,16.5
23625408,549,406,2505.36957,26,4.263606835,4.1154
22300853,671,357,2491.29994,65,3.787590973,6.3692
59921275,532,288,2490.65952,38,3.934712298,0.3158
58358415,610,325,2487.57993,19,3.884244557,26.8421
21388456,462,227,2482.08926,46,3.682437574,0.9565
20698259,509,353,2480.31958,34,4.170731777,9.0294
60326154,543,275,2477.96968,38,4.100896556,3.7895
34438715,600,224,2474.28981,71,4.113709321,0.9014
59500430,485,310,2467.38939,64,4.759586808,2
60623136,601,232,2461.51971,41,3.776561742,1.7561
33444987,676,357,2460.26976,61,3.542264215,5.2951
21123450,701,382,2459.53976,44,3.278354796,6.8409
64921775,512,368,2458.75934,32,4.305199498,1.875
58836509,492,238,2457.99921,40,3.52922349,1.15
59427920,824,435,2454.54963,60,2.587290861,4.2333
21476196,535,304,2453.77947,40,4.153871125,2.7
58501745,568,396,2450.03959,77,3.563315852,1.4416
23743254,601,321,2444.9698,20,4.071289188,0.35
21569991,490,401,2441.55955,20,4.505934657,1.75
23278412,649,338,2439.26978,19,3.257681445,34.1579
21619730,541,372,2434.87948,28,4.200770765,10.75
20688412,555,242,2433.8296,54,3.840056459,2.037
20718561,607,276,2428.66969,37,3.49154685,13
59503350,658,285,2427.1097,66,3.589655508,1.0909
60641249,532,236,2426.99948,34,4.200329943,11.0294
62319212,518,226,2424.04957,18,4.261059976,0
58896056,557,353,2413.92965,56,4.187054892,4.1071
60298425,667,339,2413.9098,23,3.220151444,20.5217
40035819,440,256,2411.08936,12,4.421459159,32.6667
36791222,483,319,2409.63962,27,4.152585787,4
38981350,568,237,2401.79969,24,3.975554058,2.0417
59035790,585,339,2400.44978,68,4.021525212,3.0147
22242219,559,275,2386.71964,57,3.968944258,2.6667
21635263,523,305,2366.0896,46,3.926273375,3.1522
22981918,574,244,2362.53979,31,3.824090589,4
34920290,497,256,2356.36926,86,4.613154853,1.6395
39630131,682,327,2348.75978,58,3.214525607,3.1207
34917312,563,335,2342.35967,35,3.853489934,4.7714
58650481,544,283,2340.74955,42,3.862223521,4.4286
21688304,777,395,2338.84975,88,3.003516468,2.8295
58983522,561,353,2333.06964,60,3.948558584,1.85
21015957,417,335,2327.1393,10,4.56618979,11.2
59618282,557,311,2323.92988,18,3.920087379,17.0556
22848790,547,282,2322.38966,55,3.873653909,2.5818
25763791,524,356,2321.49952,45,4.334513646,4.1333
51288842,523,364,2318.01977,62,4.195885939,3.129
59567857,514,149,2316.59941,44,3.76616069,0.5455
61786992,604,144,2312.64949,94,3.264646154,1.3723
28665932,511,270,2310.46969,37,4.127386908,0.9189
21155118,575,260,2304.19979,117,3.527955038,0.5385
58258258,531,244,2303.86959,65,3.831124647,2.4769
53712438,477,324,2302.37954,29,4.357734573,3.7931
58338206,563,339,2299.45981,30,3.797822272,3.0333
59609429,544,218,2296.92956,56,4.206260028,2.0714
40173104,420,149,2295.53955,18,5.053595586,21.8889
59080575,560,297,2294.09965,67,3.830457244,1.3731
22746387,463,259,2291.31962,34,4.755557422,3.7059
60915693,523,361,2282.97963,38,3.983502268,4.0526
28181258,624,341,2282.96981,57,3.425881278,2.6491
60674740,597,205,2282.62968,27,3.639542945,1.1111
62370973,545,293,2277.74961,36,3.977189275,2.6667
20771796,523,340,2276.27961,35,4.019226727,3.3714
59984800,524,234,2267.4397,80,3.867458247,2.0875
58304871,524,292,2261.93953,58,3.563690419,1.9138
60451034,555,200,2253.06964,30,3.683103329,2.4333
39307935,458,298,2250.92947,16,4.012418806,3.375
58997375,521,298,2249.86968,47,3.905953237,5.0426
22211953,476,281,2247.36965,66,4.068737682,2.3636
59016692,495,300,2244.75961,53,4.058081656,0.9245
58910536,509,301,2243.34968,30,3.957361476,2.2
22114727,500,353,2243.28965,19,3.896015599,13.3684
60616860,511,291,2237.98968,19,3.941856424,4.3684
22208939,491,265,2225.12967,28,4.030053748,14.9643
62396030,555,292,2224.42963,42,3.871868652,5.4048
21432198,473,242,2224.25966,60,4.302194619,0.9333
37702347,537,258,2220.49971,56,3.788098755,2.7321
22284372,486,266,2220.48943,25,3.920018705,0
39649111,536,395,2219.56973,25,4.135186752,4.04
58870891,741,401,2219.11995,130,2.923487042,1.5077
53325366,592,303,2218.2997,42,3.318158555,8.381
58353292,555,209,2211.31982,52,3.763712144,2
59087787,434,251,2206.89943,32,4.162183886,4.9063
61353661,514,235,2199.26975,59,3.227060919,2.4068
59981468,587,251,2197.49976,96,3.581050205,2.0625
20788623,475,230,2196.19965,41,3.910183093,2.7561
60549933,466,300,2191.94958,39,3.363743524,3.4103
37143504,458,157,2190.39973,21,4.085747409,18.8571
39745841,500,179,2186.4498,24,3.945096518,9.5417
59026858,500,387,2181.84958,33,4.068905368,4.0909
58872376,493,281,2178.10962,51,3.847698045,6.7255
59567703,793,270,2177.24989,120,2.387577312,1.6917
21384385,455,275,2175.34968,21,4.447028769,3.1429
58642267,529,246,2174.98975,119,3.715844057,0.7731
31829264,333,194,2173.32875,27,3.4486557,0
58889707,404,177,2172.8294,23,4.079371636,0
59427891,404,208,2160.71949,42,4.324091113,3.0476
58246473,508,321,2158.97971,10,4.020734035,0
20697030,477,272,2153.50957,23,3.952093185,5.4783
23352695,510,253,2152.05971,44,3.682762014,6.9318
20660110,581,297,2146.77983,34,3.410631564,0.4412
58528520,377,302,2145.34934,19,4.515242626,4.8421
23717387,491,134,2143.3095,52,4.167553607,4.0962
59504641,491,273,2140.88968,33,3.966502979,11.0606
59003455,455,265,2138.05955,35,4.359327359,1.8286
22351989,465,214,2133.17976,31,3.700275711,2.6774
35094805,686,410,2132.28998,89,2.963086481,1.9775
59428206,519,285,2129.24954,90,3.544102654,1.3
37632766,435,273,2124.48958,22,4.604983324,3.3636
20846015,519,370,2124.12972,15,3.823693211,17.4667
39617406,483,302,2123.03972,11,4.20460528,0
21155028,510,276,2122.70964,26,3.484370079,3.1154
23748348,530,326,2117.04985,61,3.592733352,2.2787
23777359,386,203,2116.86931,10,4.115013289,20.8
61809069,441,84,2111.75974,52,3.846390421,1.8077
60615674,705,362,2106.9599,145,2.882676241,1.4552
39356029,441,272,2103.2996,38,3.804286099,5.2632
40167740,400,238,2102.34953,21,4.479424484,6.8571
21431603,453,280,2100.85959,45,4.076751581,6.1778
58489862,428,323,2099.98957,28,4.236006997,7.8571
58380722,609,327,2098.27994,24,3.4356089,3.8333
22473505,437,199,2088.98949,86,4.336214673,0.8837
58872751,564,290,2086.3298,72,3.599326436,1.7361
59646387,479,325,2085.42972,16,3.833626289,4.9375
59428165,470,317,2083.78967,29,3.726786841,4.1724
40046066,571,266,2082.38989,27,3.774175397,2.6296
59485466,482,194,2082.28974,42,3.690522999,0.9286
20784710,468,297,2082.02967,21,4.098397634,5.9524
59578253,579,368,2078.24983,31,3.428928021,4.3871
58880483,509,318,2077.83976,26,3.930956646,1.3077
38864422,678,426,2075.25973,102,2.833076765,1.902
20802419,528,193,2068.28981,48,3.74160616,2.2708
59618368,432,236,2067.96962,23,4.305917878,2.6522
59504650,419,257,2067.51956,40,3.889165931,2.875
60984659,490,376,2067.16968,38,4.040314894,4.6053
58358135,384,247,2067.02949,52,4.710904431,0.8462
22203725,411,258,2066.55952,67,4.578181854,2.3433
22288611,475,187,2066.22952,79,3.788655795,1.5316
23182448,518,245,2066.12975,33,3.826708079,10.8182
22114222,503,344,2064.06968,27,3.640278386,7.2222
40173100,508,307,2063.21979,21,3.998140691,7.0476
60524342,526,169,2061.92975,63,3.690012309,3.1429
22113293,631,248,2061.81968,111,2.974872933,0.1622
59830917,366,198,2060.93951,49,4.605276257,2.6735
22288083,617,289,2060.42972,65,3.257113366,2.6462
22208951,420,292,2059.65955,38,3.827276623,3.1053
59027377,516,339,2057.60969,36,3.830231967,7.5
20968252,474,337,2056.60982,22,3.795639333,9.5455
29926497,549,387,2054.97978,34,3.485079739,3.8824
22843658,506,241,2053.63974,79,3.940181819,2.0633
59427889,588,309,2051.18996,91,3.016744812,2.3297
36352584,653,377,2048.58988,108,3.083557484,1.8148
51032169,377,185,2041.00958,30,4.449744439,3
22208959,464,260,2040.50955,18,3.749254938,4.5
38981467,530,254,2035.17969,58,3.553200525,1.1207
28665663,536,278,2034.06963,39,3.386525371,2.6667
58645614,521,276,2033.75965,97,3.767481567,1.2784
59427035,643,242,2031.68961,115,2.897984699,0.087
22288093,426,129,2031.5495,27,3.870791236,0.037
59579353,519,229,2030.15982,54,3.481987423,2.9444
23791664,533,186,2029.88962,31,3.594924049,3.5806
59427924,658,329,2028.75982,187,2.839760062,1.0267
58425257,420,254,2028.07953,41,4.126002357,3.6585
22114378,568,293,2025.28988,86,3.068853198,2.5814
59567717,385,237,2022.2295,26,4.614165728,2.8846
58337779,477,290,2021.66968,9,4.031620532,0
62615702,410,257,2019.07949,48,3.612789387,2.3333
39450222,456,255,2018.90964,56,4.404638333,1.2857
20784444,498,253,2012.9297,14,3.65562996,31.8571
59086636,541,267,2012.08988,92,3.528072421,1.7717
22131525,608,290,2010.17992,101,3.062064275,1.5545
39622051,454,220,2010.05965,34,4.040717783,4.0882
60547813,462,264,2007.20969,34,4.090644286,0.4412
22318684,514,309,2004.51962,90,3.816032407,1.8111
36785532,575,451,2003.26982,93,3.482171399,1.2473
20799844,555,232,2002.63991,29,3.42728268,3.6207
37057354,446,211,2000.39984,40,4.221579752,4.15
60613178,451,128,1999.46948,50,4.043120184,3.92
59651716,563,296,1996.03989,59,3.404632401,1.7797
20789485,352,198,1992.07928,20,4.362966471,0.3
59504655,457,250,1989.7696,19,3.827111952,2.5789
58872306,417,251,1989.34952,46,4.092595329,4.913
65310916,535,213,1985.7497,125,3.59454825,0.912
62374273,414,258,1984.58964,67,4.413790986,1.0597
22207323,543,225,1974.25987,43,3.554285427,0.814
52634309,530,383,1969.35983,26,3.56879048,3.6154
58833348,470,149,1967.87977,52,3.595200204,3.1538
21441097,493,251,1967.23976,51,3.670019898,1.7843
58502082,555,256,1963.28978,91,3.423814888,0.2088
58872897,436,218,1961.76971,59,4.206146204,1.5424
21577503,445,283,1961.56969,39,4.038984455,7.0769
40052217,445,246,1960.90977,74,4.210933035,1.3784
58428440,403,267,1958.79955,19,3.737010142,3.5263
61978529,611,281,1958.16001,33,3.523437703,1.4242
22284349,495,328,1957.84975,22,3.869121939,6.7273
39356203,790,460,1956.32998,101,2.425687469,2.2079
39819616,447,266,1946.03968,16,4.105977813,1.5
21692464,448,240,1944.96971,29,4.07499566,1.5862
22351981,437,249,1944.87994,14,4.06581026,28.7857
59914051,693,251,1944.66995,114,2.735778824,1.7544
59428166,515,322,1943.70974,38,3.710999539,4.6842
21161644,518,286,1942.81971,31,3.396230848,12.9677
21232652,423,93,1941.71978,27,4.023803081,1.7037
21273617,206,59,1941.63828,18,1.957047682,0.6667
59489003,453,271,1940.91958,36,3.929232888,1.3611
22964956,444,281,1936.13953,30,3.858995814,3.6667
59041668,669,320,1934.81986,242,2.862326084,0.8843
20947933,413,282,1932.35975,30,4.337310994,3.6333
20755175,490,178,1931.01992,34,3.238124393,2.2353
21127061,480,284,1930.14972,47,3.901177766,1.5745
62512800,427,159,1928.53975,44,4.061234729,3.6364
22301205,469,277,1926.15977,18,3.716311366,12.7778
22114381,362,195,1923.5196,34,4.302868305,1.5294
22985887,363,240,1921.79963,23,4.729559366,0.6522
62339574,462,281,1916.36963,87,4.204257255,1.0805
21432110,469,296,1916.24965,31,3.783397444,5.7419
35076749,498,218,1910.26981,43,3.493486022,4.6047
58833257,420,281,1909.06978,18,4.170662259,11.6667
58741080,507,294,1906.10989,25,3.592136071,4.56
58895440,464,237,1905.4597,37,3.683408517,5.4595
63944816,625,395,1902.26988,77,2.921942444,2.3506
60228583,553,358,1899.3999,52,3.395218014,2.7308
21688941,424,261,1897.3897,26,3.944646268,9.2692
28172236,405,271,1896.65959,43,4.034672492,4.6977
20783969,467,262,1895.84979,15,3.855983171,0.2667
58313027,510,171,1894.87989,36,3.028532754,2.9167
59026928,555,371,1891.80988,76,3.192584961,1.2105
64151004,335,197,1890.23946,24,4.675377992,0.7917
59772586,374,127,1887.77952,70,4.120657425,1.2143
21699909,513,244,1886.6699,81,3.464256135,2.1975
21384489,445,147,1884.8998,39,3.720910672,3.8462
58614163,548,299,1883.70981,43,3.132181984,1.907
59809290,513,300,1880.23993,66,3.499593851,2.6364
22615697,516,320,1880.1499,52,3.397153835,6
37383984,571,305,1879.90985,64,3.310353472,3.0313
59567850,547,269,1879.7699,67,3.358676287,1.7612
58755459,381,195,1879.25961,25,4.627091263,0
58730772,393,316,1878.14964,23,4.007251605,6.8261
53130748,538,364,1877.8198,32,3.556488946,4.7813
58232219,431,221,1875.88953,72,3.854885972,1.875
60299979,419,232,1872.5397,42,4.1982492,1.0714
60997170,414,254,1872.23974,42,4.142884548,2.8571
21429920,596,342,1871.36994,93,3.067272626,1.7957
40174216,464,166,1869.31977,47,3.922772391,4.8085
51843234,352,239,1868.17963,34,4.420649246,3.7353
21167621,491,348,1867.49974,33,3.623124488,4.4545
58910528,444,176,1866.00983,55,3.892324695,3.2909
21270530,516,303,1865.79991,22,3.430142262,3.9091
61807629,396,205,1865.32964,32,4.028006956,2.5
20732494,461,279,1864.92978,31,3.625999558,3.9032
31919946,441,153,1864.67968,40,3.979651137,1.75
61872196,410,263,1864.60964,24,4.659579205,3.4167
58890024,447,266,1861.3797,27,3.713844486,7.8148
28310674,623,232,1856.41987,63,2.896713292,2.0952
62520084,399,215,1854.3098,87,4.515777855,1.069
59012917,516,243,1853.75978,74,3.560527776,3.0135
52997126,517,374,1852.48991,107,3.302547204,1.2056
22752008,631,241,1851.8399,103,2.679110483,1.6117
59744561,508,314,1851.65983,58,3.382059119,3.1724
22114746,446,317,1848.20986,24,3.920108346,2.625
60007125,491,163,1846.56987,150,3.336946481,0.8267
61453445,503,197,1846.35973,25,3.26328945,5.6
22185191,426,172,1846.00982,37,3.639796297,3.8378
59810692,524,245,1844.92978,44,3.199143889,1.25
38875516,454,233,1844.33974,23,3.499984751,7.7391
52884223,562,262,1843.69997,28,3.529514416,0.6071
58647934,492,278,1843.43975,28,3.338862177,12.3929
58639014,486,311,1843.27984,33,3.438700747,7.9697
39425711,461,286,1840.24975,77,3.873727773,2.026
21329954,371,244,1839.08971,22,4.677600391,9.0455
22211615,394,193,1836.27957,39,3.978945298,3.4103
59019400,454,289,1834.25981,85,3.813321848,2.5294
39354169,455,241,1832.73978,32,3.878479864,0.8125
59502896,363,215,1831.4796,21,3.914573398,0.9048
41531987,484,339,1830.36974,51,4.013920299,2.3725
41509991,476,260,1829.9599,17,3.779894299,22.2941
22287890,634,216,1826.83988,88,2.562849,1.9659
62341505,320,126,1826.4596,16,5.132702125,18.6875
58705512,523,358,1826.2898,87,3.238962797,1.1494
31746197,509,305,1826.19989,55,3.296900159,2.0909
23742520,542,361,1826.0798,25,3.174135575,7.2
52624918,491,344,1824.15987,60,3.598384228,2.9
60416191,457,255,1823.71982,53,3.66738903,2.1887
39349752,534,308,1823.18986,39,3.572893406,0.2051
61824154,528,240,1817.47995,91,3.550653458,1.5824
20982798,467,324,1816.89984,47,3.391644957,1.1915
59501737,554,219,1816.80975,90,3.117149075,0
60351280,398,148,1814.64974,23,3.960251323,11.5217
52035302,424,268,1812.71978,24,3.900402382,12.5833
22451401,394,221,1809.24959,25,4.298226116,4.12
21625134,497,242,1806.14969,50,3.011513905,7.2
21630636,349,194,1805.89964,50,4.298867402,1.64
59567719,451,147,1805.13962,81,3.685445637,1.2099
22286346,473,253,1804.97993,20,3.639094023,2.15
21567503,403,224,1804.78987,17,3.763287663,0
39357989,515,265,1802.30992,30,3.459271208,1.1333
52628986,380,228,1799.48977,49,4.639061582,3.0204
42476412,717,444,1798.77993,85,2.60841353,1.1059
59507113,389,277,1798.55986,38,3.955584171,3.0789
21164677,416,230,1798.40961,39,3.859193942,0.641
22566147,353,125,1796.86969,55,4.248202493,1.5636
36784251,412,276,1795.53974,76,4.265362925,1.9868
23748375,371,201,1794.96953,18,4.486324647,12.9444
58987912,438,227,1794.17984,20,3.721207249,9
20842848,453,287,1790.15975,19,3.755420895,0.4211
63109943,301,115,1788.63951,45,5.085217551,1.3333
34927053,240,101,1788.30854,83,3.457211903,0.2048
21439778,496,365,1788.11976,19,3.499379671,1.5789
35071976,366,240,1787.67974,11,4.544519945,4.1818
61045242,492,141,1785.92987,70,2.820471638,1.7857
20949611,380,199,1785.11962,38,4.37471984,6.0526
58807562,391,196,1777.84976,27,3.686210153,5.4444
61290435,528,308,1777.43984,57,3.328393804,2.3333
58639229,511,251,1777.41974,72,3.358063323,2.4583
51841511,488,305,1776.77987,48,3.818951405,1.6458
58642440,444,274,1776.26978,31,3.810301844,2.7097
59441963,550,272,1773.89992,95,2.987728104,1.6526
61814650,440,309,1772.41977,71,3.212694741,0.9859
36512592,361,237,1769.93966,32,4.593914592,0.9688
61755919,434,193,1767.17967,96,3.839640361,1.6979
51084146,503,330,1765.65977,73,3.431076592,1.3151
20921783,391,231,1765.00977,15,3.794548201,12.7333
37125526,366,87,1764.92982,40,4.047117146,2.1
59788688,491,267,1764.32983,56,3.282779719,1.625
51389472,490,236,1763.99004,30,3.831906621,9.6
28741424,404,259,1762.38969,27,3.951296576,0.1111
59428846,442,266,1762.32985,35,3.551370658,4.7714
58789962,354,225,1760.59957,31,4.726903057,4.9032
39652421,306,158,1757.30945,19,4.726267789,3.5263
60816995,454,254,1756.27982,53,3.824929698,1.4151
22844597,355,168,1755.48955,31,3.997392297,1.6129
26306410,392,304,1754.70965,15,3.969276531,21.7333
58338197,449,250,1754.34974,19,3.528919371,18.5789
62676750,421,249,1753.45977,105,3.949788682,1.4095
58638337,426,291,1753.15971,50,3.675231877,0.82
58839759,375,239,1751.78957,42,3.972147109,2.2619
22301194,486,327,1750.26989,27,3.35418384,5.6667
22609804,451,274,1748.9197,36,3.485449643,8.4444
60575842,406,104,1747.56997,35,4.048938198,3.5143
58294441,425,274,1747.01975,31,3.685915362,5.0323
39000445,396,195,1746.69989,13,4.346346425,1.8462
58383341,400,262,1746.22975,20,3.970532746,2.1
60943606,351,200,1743.81956,20,4.452003729,5.9
21381706,347,241,1743.62972,25,4.154791841,3.36
21440894,413,275,1743.0398,20,4.025453759,8.5
21603050,524,244,1742.85986,63,3.212559323,6.254
20900176,343,211,1742.63965,32,4.43205085,2.4688
58265434,384,254,1741.50967,9,3.86881015,0
22340716,395,167,1738.11951,39,4.3832548,2.2564
60071794,408,274,1737.67963,35,4.175654892,2.4286
37380276,518,253,1737.12998,81,3.442263253,1.3827
61787691,404,252,1736.93983,43,4.024552953,2.186
62335036,490,236,1736.81998,18,3.764646585,3.1667
28859647,384,165,1735.02946,45,3.652497539,4.1778
29934093,419,212,1733.45956,62,3.822214431,3.5806
58814824,426,252,1732.03977,41,3.725165217,3.9268
62617371,424,236,1731.9199,39,3.908845,5.6923
39631791,396,236,1731.79966,53,4.0831651,2.1132
59568271,376,153,1731.44963,75,3.870925176,1.1333
21598434,394,194,1730.98966,19,3.917863066,4.5789
59919127,392,270,1728.80967,69,4.015342945,1.1594
58810237,420,193,1728.09982,53,3.75424053,0.5094
40121353,434,167,1727.8098,15,3.812468665,15.8667
22595068,326,115,1727.59954,21,4.547862072,4.5714
34919532,487,356,1727.52986,47,3.368049575,2.6383
39650200,382,261,1724.43974,41,4.226963906,3.8293
58892513,456,204,1721.11979,41,3.530840396,1.3171
37731962,409,186,1720.8698,38,3.646992129,2.6053
62355275,402,222,1718.24974,29,4.216833466,0.7931
20811625,363,215,1716.65971,16,4.071578073,4.5625
64804208,501,291,1714.85997,35,3.350125713,1.6286
40045752,548,283,1711.94991,51,3.227480729,0.5294
59567676,555,199,1708.35993,131,3.071464602,1.4427
23179654,504,290,1707.53994,44,3.263809405,2.5
60523385,445,123,1706.76981,84,3.303573683,2.2024
60996390,527,249,1706.33981,60,3.080745785,1.7
60641227,445,267,1705.70985,70,3.472330822,1.6857
60553551,374,250,1705.05972,26,4.010391621,7.3462
21151391,505,301,1703.6799,32,2.998163513,6.5
59579360,448,206,1702.55993,23,3.701572843,11.087
22760111,422,185,1700.84979,29,3.865862794,2.6552
34816717,481,159,1700.66979,23,3.056436594,3
59804783,492,288,1700.05981,37,3.336801698,7.2973
37062722,521,253,1696.51973,205,2.915227507,0.8049
58279511,509,303,1693.59984,60,3.265732993,2.8
22185178,334,207,1693.40969,14,4.519259041,0
21637630,601,321,1692.76995,207,2.762043476,0.971
21458111,420,237,1691.9797,33,3.613141814,4
23654583,431,181,1691.4498,43,3.739132247,2.2093
21352079,364,193,1690.27981,28,4.01050331,3.3571
21567516,380,238,1689.27963,66,3.638078234,0.6061
61349461,406,168,1687.90979,39,4.12788505,4.6923
25221181,430,263,1686.95979,52,3.875023266,2.3462
29354169,348,230,1685.92974,37,4.500835138,1.6216
21702815,426,264,1683.14969,100,3.747299317,1.04
58642220,440,246,1682.75964,39,3.411534884,3.4359
20887638,366,201,1678.2097,25,3.931282493,2.96
58470022,433,281,1677.91978,43,3.543196965,1.3953
21607650,357,240,1673.22969,45,4.011192963,0.7778
21355393,414,183,1673.15974,43,3.7474381,0.186
23642931,408,290,1672.9897,17,3.600279298,14.8824
59489017,450,223,1669.51997,33,3.505379408,2.6364
61018459,351,181,1669.34975,22,4.258123149,3.0455
53661108,291,168,1668.00939,30,4.379991002,2.6667
22338510,431,236,1667.51984,45,4.113423084,1.0444
59693562,364,197,1667.36963,26,4.187319558,6.4615
39537548,389,190,1666.31972,35,4.098328417,4.6
58907175,378,254,1663.1497,14,4.088616341,23.5714
59984689,551,320,1663.05987,55,2.935692683,2.2727
52620857,397,247,1660.1398,14,3.840543776,25.4286
59583005,381,158,1659.67986,55,4.045364644,2.1091
62384714,411,254,1657.95987,21,3.8249256,4.5714
52236260,388,198,1656.71966,37,4.496007371,1.1892
58681017,446,265,1656.25959,53,3.290156929,1.6038
20784457,386,257,1655.85972,22,3.898928003,5.2273
60484817,427,221,1651.45976,19,3.659132447,8.4737
58397685,435,207,1648.49993,40,3.328529752,2.625
59427771,397,297,1648.2297,30,3.664665266,4.8667
59425861,576,332,1647.61996,71,2.935426181,2.8028
59506837,387,243,1645.03971,39,4.080521462,2.3846
37058303,440,289,1644.99988,17,3.37390883,8.3529
60331500,414,207,1643.90978,55,3.407896878,2.1273
52233098,385,241,1641.33982,95,4.045983793,1.3474
59977416,301,212,1639.64949,17,4.993550774,6.5294
40042656,491,263,1637.80978,189,2.94709317,0.6032
58842600,402,229,1637.7697,76,3.928595815,1.8684
64453353,444,202,1636.69985,87,3.565462832,1.7701
60484819,363,229,1636.05965,53,4.310192985,2.3208
58369756,496,249,1635.83,66,3.372122337,1.7273
39449903,401,270,1633.86978,56,4.000137601,3.5536
22111568,499,334,1632.40989,61,3.332445089,2.9672
36038182,477,336,1629.65989,57,3.348471401,1.8947
58473493,318,222,1628.99965,27,4.687137415,5.5185
23604268,393,153,1628.79983,52,3.817615002,2.5
25407622,365,228,1628.45976,45,3.790105493,2.1333
63035305,422,229,1628.08997,32,4.000210105,6.625
39536181,538,328,1627.83988,31,3.056679044,3
59431868,426,230,1625.72988,45,3.531830012,1.3111
64492018,368,172,1624.06972,44,4.271120553,3.3636
22308266,330,202,1623.4297,40,4.122110759,3.75
20821005,448,256,1621.83992,23,3.320898178,4.1304
21328881,333,217,1621.47973,9,4.369283664,11.4444
60415522,380,171,1619.87985,49,3.988935431,2.7755
23444328,454,263,1619.37982,50,3.261318976,1.92
59637196,437,302,1619.36975,70,3.490590858,1.7143
61153326,441,254,1612.45982,66,3.263969889,1.9091
58240520,383,277,1611.29981,43,4.010367014,2.907
51902158,428,280,1610.71978,27,3.872399781,2.963
58316607,360,230,1610.5698,34,4.112424986,1.9706
61315883,408,213,1609.17983,25,3.564069642,4.24
60408874,406,220,1608.28994,35,3.532940285,7.3143
21566188,413,215,1605.26988,18,3.531854342,20.3333
39551566,457,322,1605.13994,19,3.433744103,0.9474
59741274,424,257,1603.07984,35,3.617873066,4.0857
58910197,332,258,1602.85971,17,4.139948961,3.0588
39446850,531,385,1601.36988,44,2.943116872,5.0682
21619883,531,306,1600.88985,58,2.714691019,2.5517
61695877,433,223,1599.11972,41,3.554367581,3.1463
38975879,463,294,1598.4799,54,3.142925476,3.4259
60412658,460,243,1597.87971,49,3.249831976,1.3673
23792066,432,275,1596.65987,33,3.301048706,3.3333
39355141,366,214,1594.65976,35,4.018406773,2.6857
31682231,443,243,1594.32993,26,3.472397123,3.2308
59608231,409,240,1593.69972,70,3.575548069,1.4429
53388441,506,277,1592.90996,20,3.454222577,1.4
58441451,380,249,1590.82976,21,3.880180225,7.2857
21436695,378,279,1590.45971,23,3.989007232,1.5652
60675071,445,259,1589.86987,39,3.199472083,5.2821
59026983,501,271,1587.19984,82,2.949580535,1.4878
59599910,414,288,1586.80986,59,3.598915558,2.8983
22114221,407,246,1586.12972,34,3.704575444,6.0588
22386928,405,277,1585.31983,36,3.502294936,1.9722
21619819,467,314,1584.84991,38,3.09410849,5.8158
21454149,339,200,1584.29971,46,4.314432187,2.2609
59088980,399,234,1581.07971,96,3.676193445,1.125
21389700,461,308,1580.09986,30,3.214617686,4.8667
20794099,451,244,1579.12983,60,3.314181307,3.0333
37054837,500,249,1578.98999,16,3.029905853,2
40131507,341,171,1577.61982,8,4.461676148,5.875
23617181,348,183,1577.28977,19,3.920828033,11
25954236,366,189,1575.07985,19,3.867631255,10.9474
61771396,464,260,1573.81976,48,3.095068551,2.0833
58907705,373,200,1572.66976,42,3.142362693,1.6905
39454404,413,258,1571.37986,49,3.775044811,1.5918
39943819,363,189,1570.84985,14,4.326351585,2.6429
62472245,409,238,1570.20987,40,3.459404552,6.575
27958910,430,160,1569.57993,63,2.997329318,1.6984
40171874,322,227,1568.73976,32,4.772446789,3.4375
21233363,436,301,1568.68989,32,3.591503217,3.3125
61039843,391,276,1565.52983,38,3.646383484,2.7368
58989233,448,270,1562.61988,51,3.238678435,2
58470154,390,158,1561.76981,28,3.760409833,3.8214
61152879,365,231,1560.6397,67,3.611252985,1.7612
61766591,362,228,1559.99987,77,3.751937087,0.7662
59971310,473,252,1558.59995,18,3.055545862,1.2222
37351319,391,248,1556.75981,64,3.831155364,1.8594
21157851,340,214,1556.64968,16,4.096543016,18.5
59499673,413,303,1554.56986,21,3.616419612,12.0952
58433544,329,224,1554.13973,30,4.215842873,1.4
22300456,374,149,1553.60958,42,3.225773953,3.6905
23740691,420,240,1551.71991,21,3.500242913,5
21591648,345,207,1551.55976,33,4.192405266,1.8485
61900823,317,206,1551.45966,30,4.295494994,4.9333
59428151,399,173,1549.83987,72,3.519563028,1.3056
62368000,401,179,1549.02973,44,3.804084552,1.3864
59501317,262,146,1547.79955,17,4.977812933,6.4118
64738530,413,197,1545.54985,54,3.666398674,2.537
39655640,476,257,1545.32991,47,3.481131893,0.7447
62705967,405,253,1543.74988,25,3.532626511,9.6
23325520,540,417,1542.12989,51,2.765947699,2.9804
21629635,310,170,1539.74971,21,4.064384496,12.3333
22301303,392,164,1539.00979,28,3.30598759,0.3571
22117533,453,257,1538.0198,196,3.19119384,0.7551
59609425,488,185,1535.73999,38,2.961700799,6.5789
36876754,285,204,1535.60962,15,4.594335134,2.8
53242007,369,281,1535.32981,25,3.626453441,2.52
58883904,428,201,1535.1699,125,3.51088309,1.4
59578262,396,244,1533.71985,20,3.645054962,9.2
61814485,512,356,1533.65978,116,2.981074438,0.9224
51676274,343,212,1532.76982,19,4.568634436,7.9474
59081023,409,243,1532.44983,18,3.544022703,0
20872162,348,239,1530.87961,27,4.177403673,1.8889
66145523,407,289,1529.90987,24,3.601620636,6.125
22305510,568,287,1528.84997,52,2.675619264,3.7885
35110054,387,179,1528.04971,74,3.715655553,0.527
22437962,404,263,1527.01982,29,3.324307282,4.4483
23644288,305,196,1526.49968,17,4.427688894,12.9412
21634517,427,333,1525.67995,14,3.212110767,13.2857
22848973,378,234,1524.81965,33,3.275255554,7.0909
34462715,368,225,1524.70972,24,3.85480186,11.125
37363943,522,229,1523.60991,81,2.94630413,1.8148
39357794,359,216,1523.20986,21,4.048686059,8.381
37146688,341,263,1521.77977,22,4.022047346,5.6818
60625676,547,217,1521.71991,73,2.721570087,2.3699
37048073,477,259,1521.5299,58,3.116355667,2.1034
53543082,465,177,1520.95991,62,3.390881496,2.371
58323501,320,195,1520.3798,45,4.493858797,1.6444
29939439,357,265,1520.09981,24,3.918159656,3.6667
59583072,543,295,1520.05995,140,2.362964952,0.7214
64016105,399,237,1519.88987,52,3.478721247,3.4231
40170289,470,299,1519.53987,54,3.294396634,1.4259
36799049,327,207,1518.59982,36,4.507341028,2.6111
60693794,284,99,1518.46963,17,4.468143949,10.7059
58652978,415,304,1517.41978,27,3.487397402,2
61051451,344,110,1516.64988,66,4.203865945,2.2273
58792496,450,349,1516.25986,40,3.1341012,3.825
37465404,361,151,1515.59957,47,4.095594679,2.8723
60194995,378,306,1515.38983,35,3.782605496,3.5429
39649112,431,212,1514.97994,17,3.73287629,0
58889706,300,208,1514.60962,20,4.089927525,5.55
59427895,541,178,1513.30999,53,2.76691448,2.4717
59427751,472,210,1513.17984,89,2.99863772,1.1348
40167736,379,186,1512.45975,26,4.134958151,2.2692
39557811,303,200,1511.85963,28,4.415584672,3.1786
58657951,466,263,1511.42989,82,3.130705688,2
59427712,513,285,1511.03994,246,2.898749037,0.439
37727303,460,288,1510.24994,19,3.393346091,2.0526
22762599,356,207,1508.3598,26,3.678060662,0
33415240,354,277,1507.8998,26,3.894810666,8.5769
60553788,370,213,1507.74983,16,3.501585252,14.4375
59506824,338,177,1507.40964,54,3.563014722,1.4444
21173357,406,242,1506.98977,64,3.481919036,1.6094
52639074,263,154,1505.8095,17,4.648255979,12.1176
36794922,443,207,1505.47989,38,3.165179856,4.2368
51929097,326,216,1505.20986,17,4.122251002,14.0588
63648191,378,248,1504.59979,26,3.72157655,3.8462
60636849,393,279,1502.78985,33,3.448144953,2.2424
61151213,342,133,1502.15969,41,3.678254702,3.2195
46670865,428,301,1501.36993,25,3.297872187,9
64971794,593,357,1499.40997,47,2.690566148,1.3617
61351776,403,265,1498.84991,48,3.616880013,3.4167
61188805,434,302,1496.78985,98,3.124504336,1.2347
59581595,576,254,1495.27998,56,2.661633627,2.3571
59564458,343,242,1494.78985,24,4.28688443,3.0417
58890202,419,228,1494.55983,77,3.284080053,1.3896
59017019,422,256,1494.05982,49,3.331586549,2.4694
21325967,417,287,1494.0198,60,3.133591004,0
39529839,372,206,1493.49977,42,3.002889545,1.9048
21156904,456,211,1493.00996,40,3.295481475,2.4
40044841,384,243,1492.40985,28,4.109011993,2.5
20784526,336,195,1492.0598,25,3.941153746,4.92
59538248,357,248,1491.40987,12,4.101863997,25.0833
63842902,305,151,1490.01969,23,4.222927111,4.087
37049794,261,196,1489.69955,13,4.79428989,7.5385
58253810,342,205,1488.05977,26,3.564444078,3.3462
22842722,401,257,1487.26995,30,3.600542899,2.8333
37468790,340,203,1486.99981,29,4.157754134,0.5517
59044970,470,323,1485.64981,37,3.308672719,8.3784
20821419,481,258,1485.23003,57,3.191925511,2.7719
36376264,331,192,1484.20961,40,3.617636936,1.2
40175568,350,254,1483.38975,49,4.148392033,1.3061
51910357,401,236,1483.37993,43,3.366586972,2.3256
53316841,407,262,1483.01989,55,3.454149969,1.4364
23673082,324,103,1482.42991,25,4.240609591,6.6
65763755,444,301,1480.97988,66,3.23283881,1.5303
59608220,370,146,1480.90977,93,4.024211332,1.2796
60533913,354,172,1480.7298,22,3.707475611,4.9091
37141162,471,265,1480.46981,52,3.106174599,3.4808
60637075,541,201,1479.94994,105,2.613863115,1.2857
38884632,368,241,1478.71979,22,3.825082121,3.2727
52548469,347,166,1478.66984,52,3.995981108,2.0962
59035793,303,184,1477.98977,36,4.342186132,0.0278
29341897,408,216,1476.41987,51,3.251827339,2.7255
61827378,308,217,1474.10977,12,4.219046974,12.6667
21602710,320,186,1473.40969,17,4.17823634,17.3529
22643595,299,206,1472.84974,45,4.204636789,2.6
22610271,346,117,1472.55985,57,3.972367206,2.807
62538399,316,201,1472.39967,45,4.167640841,1.5778
40182351,333,258,1471.70985,15,4.089813943,0.7333
23318352,300,173,1470.30979,24,4.301571694,5.875
60739851,385,156,1470.22989,61,3.670958915,2.0984
51920735,360,226,1469.67981,53,3.945651062,1.9434
60920848,364,202,1468.41979,36,3.933167452,5
39423469,313,182,1467.98963,25,4.51873155,5
64611677,419,328,1467.5599,63,3.471726949,1.0635
26034751,453,294,1465.83995,38,3.131622111,6.3947
53553936,376,204,1465.60984,38,3.75446526,2.5789
22302612,392,179,1464.28995,14,3.614254319,5
58786783,442,321,1461.96989,79,2.958664944,0
34940104,458,305,1461.52992,33,3.18280269,1.4545
59618323,370,232,1461.11985,21,3.668423798,5.8095
20847879,294,205,1460.26978,11,3.968944309,19.9091
58643607,371,143,1459.58989,18,3.814800838,0
34376317,379,206,1458.31986,27,3.514759024,8.6667
39731355,410,206,1458.22992,104,3.217456818,0.8077
51927741,332,252,1457.45981,35,4.260409696,3.4
61910078,382,191,1457.06991,49,3.661518102,3.3469
22283801,325,223,1457.01974,19,4.128167042,1.8421
22172749,399,267,1457.00994,22,3.539832609,5.3182
21152997,322,212,1455.91976,16,4.148540358,0
21158986,399,214,1455.90979,62,3.576661897,1.2258
64699617,303,169,1455.83963,30,4.067421805,3.4667
39916096,413,233,1455.43973,80,3.311844078,1.2625
63889194,306,194,1454.84972,6,4.158179639,41.5
59577659,258,167,1454.16955,19,3.729053416,0
58907353,356,218,1453.79986,21,3.533661662,6.8571
20808033,296,209,1453.39965,35,4.333332405,0.6857
20789487,358,232,1453.38979,38,3.616121564,0.3158
39456646,375,232,1453.28976,34,3.553822468,3.6471
40122702,383,232,1452.85987,21,3.757389442,7.8095
21459047,344,228,1452.15979,29,4.059233949,2.4483
20691957,316,143,1451.84973,30,3.477117289,0.4333
37054827,446,225,1451.49995,70,3.233646651,1.9
53473575,342,211,1450.63966,20,3.903342309,3.15
58896150,285,125,1450.22975,26,4.349566614,5.5769
64611939,328,207,1447.54991,10,4.193557342,15.9
40118638,441,254,1444.66985,17,3.126556523,12.3529
53782952,373,219,1444.17976,13,3.05108861,4.3077
36041019,363,177,1443.23972,51,3.816013174,2.6667
51688908,319,150,1443.06962,29,4.322925215,0.6552
58645616,380,219,1442.8899,14,3.428253565,8.4286
50224363,484,282,1442.53989,80,2.900166764,1.0875
60913306,332,115,1440.89968,34,3.312357157,2.7059
37465709,305,216,1440.83967,35,4.418414328,4.5714
20745662,347,227,1439.63963,47,3.633543915,1.4468
51344878,576,287,1439.25995,246,2.490837779,0.6423
37073057,323,172,1439.22996,61,4.073956887,2.7541
64621590,281,174,1437.83966,32,4.177337168,3.1563
59803565,194,118,1437.36914,19,4.020015797,0
58640449,331,224,1437.07979,17,3.968809012,0
59654978,356,249,1436.75979,41,3.689550925,3.5122
40237193,431,267,1435.70992,28,3.502219344,2.75
22114409,284,98,1434.65969,14,4.466142018,1.5714
58989046,356,205,1434.3097,58,3.233037794,0.7931
22205330,396,161,1431.16975,79,3.317401184,0
61768114,404,271,1431.1199,35,3.175161079,4.0286
23785580,471,238,1430.99,69,2.923199544,0.7101
58892130,308,153,1430.71977,43,4.176133974,3.7442
65216085,432,196,1430.67994,28,3.167433542,0.7857
61054986,424,281,1429.55999,39,3.550212244,2.6154
21287812,295,159,1428.85978,21,4.615554943,0
39755604,292,215,1428.45966,22,4.334677229,6.2273
22282671,310,230,1428.36987,29,4.341627794,2
33415888,315,226,1428.27966,42,3.367321446,2.2143
58872891,359,218,1427.64973,22,3.810697626,2.7727
58779565,375,157,1427.4899,21,3.559062201,0
51918167,269,166,1427.17961,18,4.326425843,6.2778
26241848,298,145,1426.99986,16,4.185992929,13.6875
40048475,393,254,1425.91981,27,3.597584,2
22268511,311,175,1424.89978,34,4.166147423,2.0294
59025961,295,146,1424.43981,23,3.677697228,2.7826
61520360,349,200,1424.04992,18,3.956767026,8.2778
22189491,327,214,1423.25972,26,4.0863788,1.1923
20784435,275,211,1422.36972,11,4.523974958,14.3636
62331451,330,184,1420.30971,42,3.882988053,1.2143
34384213,357,133,1419.64993,52,3.788431176,2.9423
64011176,407,242,1419.09989,29,3.687894211,1.7586
60919676,284,188,1417.81975,17,4.471191512,6.7647
59428154,671,205,1415.11999,131,2.081740742,1.2824
64602427,405,233,1414.66988,91,3.658131134,1.044
21200702,367,218,1414.22972,35,3.430891908,2.3429
58369408,398,250,1414.00994,21,3.416184847,5.7143
60670133,417,222,1413.36999,54,3.207355048,1.0741
39832780,282,164,1412.91972,38,5.143692573,1.5
60404185,395,264,1412.84993,78,3.492707073,1.2564
59431336,429,252,1412.61981,121,2.929972336,0
36177706,417,218,1412.21982,41,3.23701159,3.7317
62366514,371,198,1411.17985,40,3.821629461,4
62445133,394,270,1410.32995,112,3.219719944,1.1964
58327891,271,157,1409.94974,20,4.174107574,1.35
58316609,366,215,1407.20983,53,3.729223611,1.5472
21156649,353,136,1406.3899,17,3.54764179,0
59427750,409,147,1406.20995,54,3.148325081,1.5
59983679,307,115,1405.97993,57,3.98674794,1.9649
39845946,342,250,1405.56986,23,3.903464541,1.4783
41535889,340,226,1404.96983,62,4.075118581,1.629
60538342,566,266,1404.49995,65,2.430541417,2.0308
60554618,274,197,1401.32971,31,4.467499234,3.0323
58414384,452,130,1401.16,18,2.820288367,0
59577674,338,134,1400.69961,43,3.226916204,1.186
21630632,347,242,1398.81986,45,3.939955845,1.8
53633998,302,192,1397.80985,28,4.311799533,2.3571
39349118,375,209,1397.20991,48,3.423799829,4.2917
61059661,315,179,1396.40984,57,4.193733446,1.5439
52626786,314,215,1395.46979,81,4.064262179,1.3086
20798338,336,190,1395.33983,27,4.104018468,1.2963
59577626,330,188,1394.58986,17,3.906645915,2.7059
37163139,328,236,1394.3998,17,3.831666207,0.4118
59980569,289,237,1393.90976,16,3.885676487,7.6875
22114137,384,250,1393.71989,198,3.511173826,0.3434
60287816,349,213,1393.33985,17,3.629372199,5.8235
22251095,310,221,1392.3798,10,4.351703896,16.7
59608204,370,267,1392.08988,103,3.584536507,1.1068
23654220,394,245,1391.97988,78,3.205201669,1.1282
61480367,477,141,1391.6,143,2.747776585,0.5524
60913112,505,201,1390.5598,37,2.704877428,2.2973
59707651,319,140,1390.44977,63,3.978039253,0.9524
58243703,390,222,1389.3399,27,3.48523108,1.7037
58342336,341,202,1388.67986,37,3.62643176,0.0811
38989214,352,199,1387.78989,43,3.717154828,1.3721
36038367,347,180,1386.65984,39,4.187798922,3.3333
64015975,397,257,1386.5799,44,3.444753562,1.25
21602722,277,146,1386.26973,32,4.467846725,1.5938
26128243,439,314,1385.66991,98,2.952329925,0.8163
22114191,417,184,1385.57984,72,3.103510977,1.6389
21153229,335,216,1385.5699,23,3.792954925,2.6087
28891485,326,227,1384.72992,44,3.670872046,0.8864
61105967,368,138,1384.25981,30,3.886513381,1.2
62348261,329,221,1384.0298,24,4.028379363,5.2083
59012628,291,177,1383.72969,17,4.19102466,15.7059
59982058,328,153,1383.35972,34,3.835999231,0.0588
58772464,301,177,1383.22975,13,3.472466294,0
61115230,355,236,1381.96989,59,3.867974193,1.5424
61764366,367,164,1380.87994,46,3.676748484,2.6087
50672204,336,214,1379.24987,32,4.039538304,2.2813
39833337,388,219,1378.79983,74,3.532540367,1.2838
62463802,276,205,1378.42966,26,4.33624904,2.6923
61770642,396,249,1377.97993,27,3.384339886,4.4444
58855247,306,211,1377.71968,36,4.269849527,2.3611
61368870,366,213,1377.46984,26,3.379754354,5.4615
59428142,397,148,1375.87,19,3.344378147,20.8947
62335013,380,214,1375.26983,40,3.631919507,1
21044154,406,238,1374.55985,44,3.20714779,1.6364
22339213,367,237,1374.47985,45,3.374762892,3.6889
21598638,360,221,1373.61979,27,3.629495266,3.7037
21476596,310,244,1372.40971,17,3.679239316,2
21607101,368,248,1372.33984,30,3.459662646,1.4
64057117,338,272,1370.61989,31,3.956327993,2.2258
62342853,369,204,1370.06988,20,3.861629123,2.3
58506014,313,209,1369.61975,13,4.12405375,3.5385
60160013,349,242,1369.28976,47,3.594643042,3.2766
61055943,503,324,1368.46993,58,2.833165837,2.0862
22284380,352,209,1368.00982,47,3.590605611,2.1915
64960662,518,126,1367.28995,80,2.662803138,0.775
34467422,482,115,1366.71001,146,2.533179916,0.6301
21475796,345,175,1365.45991,28,3.593488159,3.1071
59489151,383,188,1364.95989,64,3.289212794,2.6719
37470629,322,205,1364.66984,18,3.946276791,8.0556
58553768,385,201,1364.22989,59,3.10941512,2.3729
37156501,399,113,1363.20981,84,3.269198701,1.0357
58643587,372,185,1362.66982,35,3.10563645,0.1143
36557632,320,146,1362.35979,68,3.667355058,1.6618
21155434,270,208,1362.1797,13,4.085517763,15.6154
59564012,378,156,1361.41986,44,3.094826433,3.5682
24350417,323,220,1361.39986,12,4.020123835,2
22114712,630,189,1361.34996,126,2.1830146,1.3254
62335012,315,227,1361.29982,16,4.142009132,0.9375
36513577,352,198,1360.21978,55,3.552356057,0.4182
40180297,392,231,1359.27972,21,3.356507421,12.2381
59427912,265,99,1359.14967,12,4.373471294,3.5833
59080517,375,223,1358.98989,59,3.556861128,2.2034
23748350,444,282,1358.77989,55,2.919209707,1.7455
64682276,445,318,1358.71992,74,3.088918427,1.1216
58640418,416,244,1357.45984,66,3.075914308,1.1364
22179005,429,171,1357.28993,35,3.265268237,2.2286
60028479,434,203,1356.0999,42,2.995057784,4.1429
59016293,388,294,1356.02996,19,3.30086553,5.3158
60678405,338,265,1355.59979,49,3.768651179,2.4694
51032040,374,201,1355.22987,65,3.614028191,1.4769
59343265,259,169,1354.22975,18,4.794275702,7.6111
36790262,338,149,1354.0799,47,3.871636822,2.4468
61368000,388,249,1351.35994,26,3.275543918,0.3077
22189511,373,167,1351.04999,23,3.483431609,1.5652
61165795,432,260,1350.47997,50,2.832210507,3.52
40172924,396,219,1350.38993,17,3.525193566,0.0588
39356075,306,185,1349.05975,34,4.265626353,3.9706
59970601,381,219,1348.97994,61,3.6096513,1.623
36785334,331,208,1348.2499,39,3.868905471,2.7179
53557613,365,158,1347.75992,34,3.53661626,2.6471
66095154,334,161,1347.51989,37,3.899864142,3
59072117,350,226,1347.01001,35,3.806492652,5.4571
61815631,413,228,1346.50997,45,3.125679515,3.5333
59805125,356,126,1345.79993,59,3.315004554,3.0678
34416508,401,210,1345.57992,48,3.284328911,0.5208
64453330,384,255,1344.05997,76,3.39428059,2.0132
58889845,307,185,1343.9698,22,3.937657508,1.1364
22009786,276,169,1343.96977,17,4.438652609,8.5882
39747934,371,206,1342.39986,29,3.629333845,4.4138
22288121,352,169,1341.82986,15,3.688010994,4.5333
21046999,378,194,1341.47988,55,3.035357821,1.8909
20687544,252,64,1340.61972,17,4.638563978,0
59427773,305,188,1339.32979,31,4.321326102,6.129
21155065,324,192,1339.30979,20,3.786890117,8.25
52621382,388,224,1338.64989,39,3.339320074,3.359
61851994,304,166,1338.36984,23,4.126176679,0
39451065,346,210,1337.66991,39,3.823342859,3.4359
22906919,414,228,1337.0899,37,3.123600748,2.3784
63984745,284,152,1336.77972,32,4.195789818,1.7188
40142225,342,171,1336.61975,35,3.513650376,5.6571
21431498,310,127,1335.70985,41,3.901382066,1.5366
59563569,291,160,1333.81969,30,3.835468817,2.3
23326023,319,207,1333.52988,23,3.842065875,10.3913
59671058,283,160,1333.49976,26,4.220448768,4.6538
53015058,281,203,1333.38963,53,4.397144452,1.0755
59012639,279,144,1333.21978,25,4.445623518,2.6
37120692,430,181,1332.60995,28,3.323036,3.7143
53318848,423,323,1331.2899,77,3.028680791,0.7792
59016223,356,248,1331.28977,34,3.585672641,2.0294
64910548,307,190,1330.00983,33,4.095386187,4.8485
61857242,411,285,1329.40981,76,3.002367562,1.3816
62384523,365,231,1328.08992,54,3.571788521,2.4074
34446480,343,239,1327.9798,30,3.893085445,2.3
61863675,309,172,1327.93976,35,3.993826645,5.2286
36032379,336,217,1327.64988,14,3.742641478,22.2857
39921365,251,182,1327.58966,15,4.25554126,3.2667
28457976,362,193,1327.13992,61,3.569468832,2.1803
23794266,312,205,1326.67985,11,3.99424102,24.1818
22308225,394,130,1325.95998,35,3.319720025,0.0857
61766353,388,223,1325.65991,55,3.43392836,2.0364
59582408,280,139,1325.11977,26,3.924523174,2.1154
62296824,402,260,1324.51988,46,3.353151544,1.913
21155128,353,261,1324.1999,11,3.403474788,16.6364
20834271,351,229,1323.54994,13,3.75595,4.2308
36882465,397,232,1321.8699,48,3.351033842,0.625
37640338,313,214,1321.07988,22,3.988010468,4.1818
60532357,353,263,1320.63988,41,3.548748524,1.561
59979145,279,194,1320.3898,19,3.888111178,1.6842
36876086,336,109,1319.31977,42,3.547216511,1.4286
58437817,305,189,1319.04971,33,3.884273809,2.0606
36380660,409,304,1318.99988,34,3.16277613,4.8824
59673248,365,243,1318.90994,36,3.427387397,5.4167
22211662,369,266,1317.1199,38,3.338587669,1.5526
59735439,383,167,1315.49999,134,2.701354082,0.7313
40172354,347,205,1314.67975,73,3.797635341,1.0274
39655119,398,236,1314.03996,44,3.502217717,1.2955
36758080,375,197,1312.40993,60,3.313729759,1.75
58997324,326,160,1312.09978,45,3.933415953,1.2889
59674485,370,210,1311.69984,73,3.313902073,2.1781
64947624,334,252,1309.66986,50,3.746463018,1.24
51305883,431,191,1308.4799,25,3.363720175,1.16
36035072,297,220,1308.17986,27,4.194239451,4.1111
64864957,328,254,1307.7299,18,3.693542653,7.7778
58351137,341,175,1307.62997,20,3.519760404,4.55
59918789,236,93,1307.17965,45,4.536381011,1.2444
51082399,426,290,1306.75991,56,2.942979497,2.6429
39448601,356,263,1305.97992,35,3.628190655,3.2286
58285280,286,238,1305.84977,30,4.301841989,3.6
62446826,307,185,1305.5998,35,4.058359946,3.1429
37094694,386,239,1304.62996,32,3.268934053,4.0938
40248605,340,238,1304.44991,35,3.613623171,0.8
60591820,340,180,1304.39985,22,3.659121923,10.5455
58789080,285,206,1304.37979,10,4.183935061,18.5
51910951,421,208,1303.93997,45,3.402131844,1.6889
22282666,290,177,1303.83971,27,3.947516468,4.2222
21459152,261,129,1303.78983,18,4.273916202,6.7778
22219228,297,194,1303.20983,40,4.301433699,2.675
53000610,512,235,1301.93999,74,2.482023556,2.2703
61825888,306,228,1301.77978,37,3.870369717,3.5405
59489015,276,163,1301.01971,9,4.153118228,0
61499750,411,289,1300.46995,35,3.106287375,1.0286
58896165,297,235,1300.18975,12,4.099612045,3.3333
65877930,280,153,1300.02982,18,3.785148954,11.3333
20833919,350,168,1299.70997,56,3.572357057,0.0357
21633062,241,122,1298.8396,9,4.248450928,2.7778
59680303,277,177,1298.79974,18,4.036847818,3.2778
59506841,355,184,1298.63992,21,3.615042119,2.8571
59489000,387,151,1298.18999,48,3.07909813,0.9375
29969982,378,212,1298.13992,36,3.485591183,2.3056
58524135,237,176,1297.99966,22,4.61533087,4.0909
60995165,406,254,1297.80999,79,3.013509647,1.4051
40157083,453,290,1297.69992,59,2.955774573,3.2712
61348754,343,83,1296.63994,37,3.717477859,0.9459
39631529,317,145,1296.31985,22,3.572207871,7.6364
59459520,440,157,1296.15982,98,2.186243331,0.949
60533889,390,181,1295.81995,21,3.063238959,14.1429
59504668,273,215,1295.4998,15,4.40128141,2.4
29394693,398,243,1295.44985,56,3.47329296,1.0714
30136117,212,110,1294.58949,23,4.387085185,1.3478
37475469,312,161,1294.52987,32,3.961276112,2.3438
29349099,334,215,1294.34985,16,3.586620962,9
59979544,322,175,1293.47995,45,3.601531094,0.7333
64629514,296,166,1293.22971,32,4.300630763,2.2813
51849769,411,256,1292.69994,56,3.351544101,1.1429
58261224,292,136,1292.42983,26,3.548053258,2.0769
60432093,305,157,1292.11985,51,3.793778383,2.4314
22249600,349,204,1292.08993,46,3.314087298,3.3261
39353585,379,226,1291.92,43,3.322970417,2.093
25888063,327,205,1291.86985,44,3.76144367,2
22307345,315,158,1291.64996,40,4.073764684,2.15
60618426,283,213,1291.30984,48,4.083386865,0.6875
36787172,374,264,1291.01995,21,3.538367221,1.619
61795507,292,141,1290.98982,34,3.871323897,2.0294
21263341,293,155,1290.65976,35,3.916410128,0.6857
23741385,389,216,1290.61988,79,3.299058077,1.0253
22458052,283,179,1289.95978,40,3.800307813,2.725
37707576,297,128,1286.58962,13,3.838615709,0
26148223,358,233,1286.37988,30,3.561147233,3
39428420,306,230,1286.24976,44,3.893507533,2.2273
46272965,453,194,1286.08994,46,2.674665056,1.4783
20842680,269,190,1285.41982,16,4.442906465,3.9375
59608195,337,212,1284.55985,45,3.491415316,3.6222
39926353,321,103,1284.1199,35,3.602518794,2.0286
62473493,372,204,1283.77984,31,3.391398297,2.1613
59427754,308,222,1283.11973,11,3.785531072,23.0909
58643821,403,196,1282.44998,44,3.003027971,2.0455
22114691,363,142,1281.57,17,3.398850388,9.3529
64213695,380,196,1281.48993,26,3.28052352,1.6538
61453633,283,135,1281.47976,34,3.894922589,2.3529
59724921,317,154,1281.31961,44,3.804231869,3.8864
22339169,338,206,1281.04988,30,3.517279644,8.4667
59031044,378,149,1281.02993,55,2.910352606,2.2727
63895403,322,204,1279.93989,48,3.783431382,1.3542
40150157,285,193,1279.88988,31,4.505729134,3.9355
62362125,331,131,1279.36983,43,3.393733391,0.9767
59310911,276,189,1279.02972,20,4.189775749,4.95
58426327,343,249,1278.89991,38,3.636828628,1.9474
39017296,381,244,1278.12996,20,3.216355158,4
23575596,288,191,1277.35971,14,3.879087413,16.0714
67091504,239,132,1276.2897,18,4.323541948,3.4444
58640654,308,221,1276.15991,33,3.740571642,3.9394
59731825,295,212,1275.7897,10,3.764631994,28.3
34297187,258,166,1275.77974,14,4.207221449,3.1429
59004228,259,175,1275.43974,22,4.127019727,2.0455
58236331,268,207,1275.26963,23,3.786384417,0.4783
46670799,411,165,1275.10992,35,3.085835212,4.8857
62407190,364,189,1273.94984,19,3.178351244,9.1579
39360660,323,198,1273.85989,44,3.841470248,2.3864
38973504,365,168,1273.74996,36,2.772056583,3.1389
58292284,356,248,1273.59993,31,3.302506885,3.9032
23816232,248,111,1272.37963,11,4.147414646,11.7273
58910141,320,154,1272.0099,15,3.534114302,2.4667
62340096,402,208,1271.98997,32,3.206640967,0.2813
62377677,323,231,1271.94976,46,3.827289019,2.0435
37607401,285,219,1271.29988,12,4.111372967,0
52024359,328,201,1270.19988,14,3.823900409,0.8571
60503862,321,221,1269.42984,18,3.401339229,8.6667
39353615,328,180,1268.51988,24,3.72311893,8.7917
62288123,406,274,1267.86996,35,2.977274122,4.9429
61466327,376,264,1267.60994,36,3.076238775,3.1389
27735686,323,130,1267.50984,28,3.382907185,1.4286
22114729,365,228,1267.09988,28,3.530265,2.7857
24059375,249,87,1265.98976,21,4.50882994,0
37731544,344,186,1265.86995,34,3.642696647,5.9412
60098810,285,167,1265.85983,17,3.874940994,3.0588
59770716,233,131,1265.39959,23,4.229827565,0.2609
60591874,346,204,1264.51998,19,3.279970807,9.2632
59311575,340,170,1263.41993,30,3.557823353,3.3667
22287909,360,150,1263.36979,57,3.180684708,0.8772
59591969,297,226,1263.14975,58,4.192863593,1.069
59777194,428,267,1262.72992,86,2.957092962,2.2442
23326075,321,182,1261.70985,33,3.542760008,2.303
63987982,430,247,1260.24996,51,2.814585244,1.8235
22432003,258,175,1259.55972,15,3.937104257,5.2667
20767341,267,166,1259.44984,39,4.457771011,1.7179
22617469,342,197,1258.7399,23,3.245599499,2.9565
21451721,315,202,1258.63984,14,3.628657782,2.7857
51902175,274,130,1258.31977,113,4.448651176,0.5841
60515946,285,195,1257.24986,54,4.132367982,1.7593
58674673,300,139,1256.81985,28,3.900166246,3
62344041,331,183,1256.76985,25,3.733332898,9.72
22422609,307,181,1256.43978,50,3.585331683,1.46
36332291,382,218,1256.41996,22,3.193999908,15.8636
21583722,369,169,1256.28995,49,3.394345913,3.6327
20666193,283,179,1254.72973,32,3.32839798,2.3438
50217513,298,165,1254.46993,43,4.04938248,3.1628
41541241,329,165,1254.20991,18,4.184540839,0
26314556,321,215,1254.17982,73,3.610805657,1.5068
61307199,312,219,1253.28987,34,3.919581553,3.2647
60635549,409,183,1252.73995,65,3.206743318,0.9538
52427070,385,210,1252.57993,37,3.288443936,2.973
59506863,334,251,1252.34991,46,3.498801995,1.6087
36334124,331,219,1251.67986,17,3.715349267,11.5294
39145464,239,79,1251.56979,28,4.115177506,1.3214
59583682,366,123,1251.27999,34,3.406483462,0.0588
59504658,336,165,1251.27984,42,3.627379731,2.381
60087684,242,184,1251.02962,14,4.460639351,5.8571
62652600,554,254,1250.88996,239,2.219256431,0.6318
61488694,345,181,1249.98997,21,3.5341472,11.619
36558613,296,187,1249.72984,32,4.181248057,0.9375
23629863,357,237,1249.55991,26,3.3375093,8.7692
39841728,308,186,1248.31984,25,3.949917508,4.64
28717175,316,82,1248.24996,53,3.738401772,1.9057
61085108,350,89,1247.37993,35,3.133599151,2.1429
23252059,384,203,1246.48989,33,3.402043936,0.9697
59012656,285,193,1245.78968,38,3.961932651,2.0263
58869891,389,248,1245.5699,60,3.146511534,0
21432027,322,206,1245.5199,36,3.783030938,2.6944
60231457,311,220,1245.3399,17,3.930203714,0.5882
23615109,352,243,1243.14989,32,3.442431909,1.6563
58642218,250,207,1242.91972,17,4.43309311,0.9412
21152964,403,254,1242.78992,36,2.929349118,4.7222
60511819,310,220,1242.46977,34,3.848445906,4.2059
59650904,272,190,1242.37974,21,4.006753792,3
58904886,298,192,1242.26991,16,3.956536875,0.0625
60513008,231,171,1242.12971,18,4.550898037,2.7778
58631592,280,219,1242.06982,31,4.268729804,1.0968
59564003,328,216,1241.93993,16,3.639342324,14.75
22114420,413,278,1241.65984,33,2.624221379,2.1515
58257530,251,51,1241.29982,18,4.183518805,0
39448822,330,153,1240.89982,41,3.711762371,2.2683
21427351,244,175,1240.43963,25,3.702331901,0.84
61735149,277,177,1240.38961,43,4.003871438,1.186
59982050,418,192,1239.97991,92,2.917289952,1.2391
53120082,287,177,1239.78977,48,3.622833422,1.3542
60603855,199,130,1239.28954,7,4.06361823,17.2857
22847054,257,116,1239.05986,36,3.916869213,1.8611
40118474,361,215,1238.72988,95,3.32442206,1.5474
40143053,346,197,1238.18984,66,3.535371518,1.0455
23469039,307,130,1237.87984,38,3.65875802,2.1316
23488969,280,166,1237.84989,27,4.2616906,2.8889
59485457,247,160,1237.48976,14,4.605605176,0
59608203,311,223,1236.89987,46,3.845519058,2.413
64007521,385,215,1236.86996,67,3.311101906,1.0149
59582998,311,244,1236.55983,47,3.630534935,2.2979
22196183,201,81,1236.44964,16,4.249129716,0.8125
20685286,375,243,1236.31989,41,3.494557624,0.7317
59607664,295,191,1236.30984,28,4.166953556,1.5
60444147,341,140,1236.15999,31,3.724666652,2.0968
20784487,282,172,1235.72979,23,4.523120327,5.8261
61086681,320,195,1235.26987,29,3.564424778,1.6897
59642979,354,197,1234.93982,91,3.261534027,0.4615
59503351,317,228,1234.52975,47,3.56656485,2.3404
39928940,309,208,1233.97987,34,4.133546689,3.2647
60670944,322,190,1233.76982,17,3.462437448,15.5882
65982215,344,248,1233.2199,36,3.46928678,1.3056
28299895,287,205,1233.20983,48,3.763797439,1.8333
49942555,286,199,1231.73974,15,3.914385213,1
59059125,362,238,1231.72999,33,3.427346257,3.9697
49733642,348,266,1231.46976,41,3.496601699,1
59501843,249,167,1231.2097,24,4.57258259,5
59028114,406,237,1230.39994,59,2.95896608,2.1525
22339198,354,143,1229.9198,69,3.487449573,1.4638
60441892,317,248,1229.22991,27,3.606902226,0
51848739,330,122,1227.05985,75,3.516263082,0.6267
36357518,360,157,1226.00976,33,3.180527834,3
63405503,370,231,1225.32985,27,3.199542982,0
23439015,289,171,1225.0899,30,3.652961408,7.3
59647800,662,261,1225.02997,252,1.799027968,0.6905
58368286,293,131,1223.95986,47,3.751262491,1.3404
62460257,280,196,1223.8198,67,4.336229636,1.0149
39256573,379,285,1223.71991,47,3.12887244,2.9149
22287920,335,175,1223.6499,33,3.628367934,8.0909
40173091,316,195,1223.30995,13,4.003213621,7.2308
22319561,235,145,1222.62975,15,4.791281068,8.4667
21693011,328,213,1222.37989,19,3.536987538,3.1053
60510305,319,165,1222.24991,56,3.784398882,1.9286
21344670,297,217,1222.24978,26,4.105495097,8.6538
58790005,394,181,1222.18998,77,3.007344392,2.1299
22189488,370,151,1221.86,38,3.007822284,1.2895
58231766,257,171,1221.70982,20,4.3904857,3.9
36759704,265,175,1221.22969,26,4.068660701,4.3462
59037521,239,195,1220.84972,16,4.086582357,1.0625
39457459,297,186,1220.67975,31,4.083005895,3.9355
60508625,302,204,1220.60987,37,4.00417454,2.7838
36791749,269,191,1220.23985,62,4.01003739,1.2742
21353790,262,138,1220.18979,23,4.267998005,3.8696
59427714,324,203,1219.86987,21,3.81734332,2.5714
27947858,301,198,1219.68985,31,3.9756811,1.129
58434749,257,202,1219.36975,28,4.403798386,3
59646398,318,225,1219.19986,61,3.604994304,1.1148
36879508,302,159,1218.87986,31,3.649152418,3.1613
22114228,267,153,1218.48971,28,4.338475843,5.6071
28312565,301,226,1217.41992,13,3.578142998,11.8462
42481580,339,221,1216.84988,26,3.275437757,0
20758668,312,224,1216.46985,34,3.607677074,2.2353
59590426,322,193,1215.43985,86,3.352788076,0.7326
61553358,299,199,1215.40989,43,4.168251136,1.093
60026728,310,160,1215.37989,51,3.734451336,1.7255
38943758,286,127,1215.0598,19,3.838938354,4.4737
58647504,227,160,1214.83963,19,4.568525538,1.2632
61170373,358,153,1214.6099,39,2.81416961,1.2051
50217469,297,218,1214.55974,42,3.420657796,3
36799036,367,128,1214.41988,33,3.423025241,1.0303
58420917,289,211,1214.35981,20,3.870284001,4.8
21444698,354,242,1212.5699,21,3.177521014,1.619
61120800,304,144,1211.39986,78,3.864845011,1.4744
22204799,286,198,1211.29984,24,3.997362029,4.125
58594611,314,210,1211.08989,65,3.882282556,1.0154
59058637,257,168,1210.88969,25,4.318742357,2.24
52539962,277,175,1210.52973,34,4.523104344,0.7059
22179031,276,155,1209.56974,20,4.191640951,0.45
59031756,279,191,1209.01979,50,4.077815584,1.36
62460537,375,243,1208.9899,34,3.358171669,0.2647
64274127,274,199,1208.63982,14,3.989859084,2
60990814,227,136,1208.61974,12,4.349319194,6.9167
60522292,380,287,1208.50988,86,3.34194767,0.6628
59590633,322,232,1208.44981,32,3.596283099,2.25
59512862,281,196,1207.99981,33,4.15592268,2.6667
39925565,382,201,1207.63999,37,3.375794705,0.6216
59709770,199,140,1207.51945,26,4.038515188,0.3077
59567728,351,198,1207.20991,28,3.410129009,10.0357
51020585,223,136,1205.66964,11,4.072074755,16.7273
59427770,283,173,1205.63972,37,4.003740213,1.8378
21156625,321,155,1205.58986,26,3.184785392,1.8846
39014144,407,233,1205.17003,17,3.14238085,0.4706
28679826,341,189,1205.04987,27,3.164592838,9.9259
21476597,368,214,1204.82991,14,3.00876,22.0714
22521891,383,202,1204.68986,112,3.063859045,0.7768
60637095,275,172,1204.32968,23,4.522960341,3.1304
22300396,278,149,1203.91978,18,3.890360343,4.8889
66087566,347,280,1203.85986,33,3.422158436,4.2424
22340711,350,134,1202.99992,32,3.22094533,6.625
59080454,305,201,1202.42978,31,3.438338219,2.3226
39745498,329,217,1201.42983,18,3.534355337,9.5556
40158571,406,201,1200.2999,55,2.934568388,0
22307437,424,250,1198.60992,88,2.466804386,1.3295
21578733,329,181,1198.01999,55,3.410599938,1.6182
58338233,274,159,1197.94974,21,4.448735,4.8095
58333165,245,195,1197.15974,22,4.147219217,1.8636
39309176,366,178,1197.13993,41,3.242095685,4.1951
39355815,349,191,1197.11,44,3.469378008,1.0682
51902050,315,204,1196.40987,36,3.857212528,1.4167
61846584,393,251,1196.17999,81,3.085297876,1.7407
59506321,372,173,1195.97995,38,3.07527159,1.4737
39436775,377,236,1195.41991,102,3.04734644,1.049
53401976,294,136,1195.32989,15,4.103273612,0.0667
60544441,318,179,1195.05981,45,3.348615978,1.6889
60447944,214,113,1194.11966,40,4.526429276,1.1
58671895,275,187,1193.95977,33,3.703732639,3.9091
21581131,254,81,1193.61978,30,4.324959504,6.1333
39317355,380,279,1193.44991,30,2.851920816,4.9667
60641306,220,125,1193.12923,36,2.048478389,2.0278
51282453,327,236,1193.00993,26,3.419953367,5.3462
59487324,366,125,1192.86,65,3.095720208,0.6308
59428081,241,191,1191.4198,6,3.925478719,14.6667
60748178,229,146,1190.96972,28,4.161469378,1.1071
58801552,291,198,1189.90973,30,4.063866362,2.3333
51920746,367,212,1189.79998,14,3.297791638,2.4286
39451170,304,203,1189.33991,13,3.717535609,3.1538
22189490,228,82,1188.98949,54,3.473687816,1.1296
22254166,327,185,1188.66993,15,3.506152052,8.2667
22202777,299,217,1188.28992,16,3.79994382,9
60616678,271,143,1187.93985,40,4.389636899,1.875
26025028,310,213,1187.44979,23,3.698522062,4.8696
20759300,349,219,1186.95987,35,3.429521968,2.9429
60037731,268,188,1186.65981,18,4.145447071,3
64240495,272,189,1186.64989,23,4.030221033,2.9565
21460364,279,222,1185.74976,20,3.983368454,5.95
62316313,428,328,1184.80999,47,2.759419384,3.5532
53721340,283,203,1184.69982,29,3.828096404,1.7931
52994520,263,222,1184.10975,9,3.234565939,6
20714190,349,213,1183.40983,42,3.237259076,2.9524
61524558,265,212,1182.95973,22,4.206116509,6
36525791,382,251,1182.88994,40,3.232677418,1.4
37605150,250,181,1182.23978,18,4.212237254,7.3889
52885957,333,159,1181.7599,18,3.876050599,0
22119292,297,185,1181.34988,22,3.728430275,3.6818
20722175,385,282,1180.83993,8,2.922007677,0
22430411,306,195,1180.68985,69,3.447696642,0.7536
64990056,257,131,1179.55985,34,3.642993137,2.9706
53394730,271,165,1179.25985,40,4.283133797,2.45
21150615,286,185,1178.89977,42,3.702176475,2.381
64957681,401,247,1178.81993,76,2.890138375,1.3947
58709615,343,260,1178.6899,38,3.47529469,3.0263
62364737,371,208,1178.51003,19,3.40919934,1.4211
35092146,240,136,1177.90981,15,4.416917073,9.3333
53228679,290,161,1177.20967,31,3.506574242,2
28211729,258,186,1177.19979,49,4.266627012,1.1837
20844587,289,170,1176.48994,18,3.941719105,2.1667
61077682,272,158,1176.48982,53,4.015030253,1.2264
66555270,246,181,1176.13981,12,4.614452787,11.4167
60515013,345,290,1175.86991,80,3.194711413,0
26238110,374,210,1175.65992,82,3.040865159,0.9756
23268565,283,114,1175.6099,35,3.053828835,0.5714
22211645,278,128,1174.4498,39,3.898235729,2.1026
53393862,215,144,1174.03967,18,4.473979813,2.1111
20874566,376,144,1173.87002,16,2.852831541,0.625
64057120,362,255,1173.84983,28,3.263054222,0.1786
36792820,277,164,1173.78987,19,4.31899694,1
58349875,300,157,1172.96991,30,3.819225269,0.1333
36852153,298,195,1172.54983,27,4.161648333,1.3704
59793646,312,241,1171.92989,38,3.526500796,2.4737
28675927,297,261,1171.57978,56,3.720354063,1.5714
61371147,356,211,1170.68994,27,3.095450535,2.4444
20899387,245,192,1169.92984,16,4.330573289,6.4375
50244430,369,252,1169.69995,32,3.234869814,3.0938
37466815,362,212,1169.17994,114,3.302549127,1.2895
38885522,242,187,1168.93979,17,4.118596525,8.5882
21258318,258,218,1168.76981,12,4.050809923,3.3333
39927909,306,212,1168.39991,31,3.57441158,3.5161
62339977,259,186,1168.13986,71,4.429478224,1.1972
58644881,302,217,1167.94986,34,3.451278696,2.3235
33415965,320,252,1166.65992,30,3.496849869,4.1667
21316804,324,130,1166.18997,18,3.376441865,0
62333887,352,218,1165.85983,29,3.596981453,2.2759
39432357,274,157,1165.79986,46,3.854062022,2.3913
21155311,275,201,1165.49982,18,3.812675833,4.2222
20694092,351,227,1165.32991,55,3.15515735,1.6909
61508761,279,161,1165.16994,12,4.030578782,0
61698109,312,192,1164.9798,59,3.729754265,1.6949
22211634,321,174,1164.96997,17,3.525062602,1.4118
59809317,304,169,1164.72992,20,3.900482466,0.1
58883851,267,146,1164.06983,38,3.825651175,1.5789
59564912,309,132,1163.72995,12,3.546882955,0
23729982,364,185,1163.6499,38,3.224625206,2.9474
51762035,296,110,1163.63994,67,3.853084525,1.4328
39437724,256,114,1163.47989,17,4.580493557,8.8235
60816988,270,169,1163.34984,33,4.10584832,3.0303
59590401,369,138,1163.27001,20,2.98111413,0
51278996,333,223,1163.10993,50,3.186831667,2.98
61911034,419,216,1163.05988,141,2.79470196,0.7092
33445925,454,334,1162.68995,99,2.625101927,1.4949
21198409,286,197,1162.12985,11,3.686778145,23.5455
61754560,306,230,1161.30987,42,3.588169542,2.6429
53223269,269,189,1160.34979,28,4.054014527,3.6071
58892208,289,223,1160.27989,10,3.908968077,25.9
58872284,268,117,1159.48989,30,4.069689062,2.3333
33449455,266,179,1159.41965,14,4.051773394,8.6429
23602975,309,110,1159.3799,68,3.265971872,2.0294
42430668,358,253,1158.68995,39,3.165664596,3.6923
36520958,270,130,1158.3899,42,3.913717138,1.5476
60025978,334,264,1157.04988,93,3.339410544,0.7849
59462841,278,194,1155.21976,69,3.803884073,0.8696
24330627,253,168,1155.13982,29,4.26867002,3.5862
53323662,294,169,1154.94987,25,3.705804349,5.6
23812284,334,155,1154.86995,19,3.401156036,8.8947
59009314,285,153,1153.69982,39,3.786607138,2.3077
36838496,274,209,1153.03982,30,3.697043193,0.5
21225305,191,142,1152.91968,13,4.245356979,2.4615
59506145,267,177,1152.52986,25,3.840012135,2.8
40142100,263,179,1152.38981,40,4.351613504,0.975
21969872,314,181,1151.9999,25,3.450256994,3.08
58886857,362,200,1151.76996,12,3.116491623,30.1667
59583707,261,148,1150.88981,45,3.854548977,0.6444
39751608,294,174,1150.52996,52,3.724531844,1.1731
40025356,350,201,1150.43994,41,3.428161588,0.6829
36877270,319,148,1149.73995,25,3.671273662,5.6
64946496,303,126,1149.71999,82,3.164799925,1.4024
60368645,364,100,1149.41993,58,3.010569414,1.6724
20662386,271,191,1149.30986,22,3.611938192,0.0455
22572914,390,248,1149.17998,65,2.934550894,2.6769
59427761,309,184,1148.87996,7,3.317556537,6.8571
64593318,272,147,1148.74977,31,4.421262058,0.8065
39833237,238,178,1148.54976,12,4.345836156,3.5833
27966388,272,123,1148.50988,21,4.073172989,10.4762
61366111,300,178,1148.50975,19,4.000788873,1.2632
25692862,295,187,1148.11994,21,3.854030408,0.8095
51899964,368,215,1147.96995,25,3.029250815,2.2
22114407,305,120,1147.83992,21,3.484306667,4.1905
58710710,291,160,1147.83989,55,3.532233419,0.9818
37709568,306,189,1147.25996,27,3.360612467,0
23839601,351,207,1147.01997,57,3.151594947,2.6491
21969042,273,170,1146.21986,13,3.866666285,7.2308
59506859,556,206,1146.17992,92,1.983927644,1.3696
62343913,305,216,1145.93991,41,3.813043161,1.8049
36783305,294,224,1144.9599,21,3.774109264,2.5714
22498448,222,178,1144.40975,28,4.131892113,5.4643
58898556,342,211,1144.33,22,3.356198107,10.7273
21156633,313,191,1143.92998,17,3.608263601,0
66354034,396,245,1143.45999,52,3.067961439,1.2115
59608211,377,255,1143.38993,18,2.980787799,9.3889
60432818,290,150,1143.22988,39,3.578711879,4.2821
21472496,282,189,1143.12991,13,3.586306685,12.6923
59504342,318,191,1142.93994,30,3.161100466,5.9333
39937443,313,224,1142.38988,20,3.536769788,4.85
66081016,280,140,1142.2899,29,4.149277257,4.2759
65216082,289,244,1142.26994,26,3.839319285,4.5385
39355816,318,239,1141.54992,54,3.530731581,0.5556
42478355,322,199,1140.27993,52,3.443925,1.0385
39354929,236,112,1138.9699,40,4.672796208,1.6
22114416,303,130,1138.65991,20,3.427342937,1.65
58648980,284,177,1138.64993,34,3.810704014,0.5294
21611748,361,229,1138.63,13,3.054441313,7.6154
58728563,290,157,1138.42988,29,3.639826881,2.1724
39843378,311,178,1138.05993,61,3.394433382,3.3279
38858903,254,201,1137.8398,12,3.627068136,3.5
37474820,327,250,1137.77989,11,3.170781902,8.4545
40173099,235,170,1137.76975,30,4.07157892,0.5333
58234819,280,177,1137.40987,20,3.630877882,1.25
58255810,229,167,1136.21968,25,4.58632615,1.6
22287893,295,157,1136.14993,66,3.462567806,1.8182
59427017,310,174,1134.97994,76,3.366977934,1.0526
22750439,361,167,1134.89999,64,2.90709735,1.0938
58743727,120,43,1134.729,9,2.170843643,0
60291471,284,125,1134.71992,36,3.010797321,0.1667
51676276,329,191,1134.63988,99,3.497807177,0.9697
58662262,249,113,1134.61982,19,4.450120688,2
64736191,290,209,1134.56993,31,3.669756753,0.871
22114707,306,137,1134.32993,51,3.250267639,1.4314
35103641,286,168,1134.16989,23,3.988722996,4.7391
39828563,316,154,1133.94994,52,3.703343977,1.9808
62505120,294,223,1133.85982,40,3.861689489,2.175
37474885,367,257,1133.15992,161,2.98878641,0.6832
51902159,307,158,1132.92991,42,3.751694329,1.6905
60633735,269,192,1131.92987,14,3.997911555,10.6429
37367430,327,160,1131.58988,23,3.226428238,6.4348
39424592,214,142,1131.42983,45,4.651019603,1.5556
53111109,287,184,1131.35981,22,3.828039171,0.4545
39137977,340,182,1131.26996,41,3.508414512,1.6829
35116781,246,188,1131.05987,7,4.244613384,2.1429
58297643,317,221,1131.01994,55,3.258970096,1.7818
59733736,373,257,1129.68996,39,2.751746988,2.5128
22760741,290,213,1128.98987,37,3.60586746,3.6216
51849441,313,194,1128.61986,34,3.800793446,1.1176
39022570,321,212,1128.53985,37,3.713605192,0.6757
60918507,261,198,1128.45987,35,3.764008054,1.8857
20675111,241,157,1128.22982,29,4.426451639,1.4828
60294733,273,143,1127.97989,40,3.727390431,2.1
64948631,325,193,1127.81997,30,3.288199496,5.0333
58232932,235,170,1127.03975,19,4.454586013,0.8421
60592908,304,200,1126.82988,25,3.684072483,0.88
33458372,301,170,1126.47993,26,3.323827544,3.7692
40046716,336,253,1125.21994,37,3.59781193,2.973
22589234,245,176,1125.16985,46,4.065709918,0.4348
37636234,386,188,1124.82997,35,3.096558198,1.3143
53575935,276,200,1124.73992,17,3.86337538,5
23494298,255,79,1124.43968,39,3.374041066,1.8974
40169938,251,177,1124.34978,46,4.375970781,1.7826
58837533,338,249,1123.6499,26,3.173694095,6.7308
40169314,276,207,1123.44992,28,3.710215095,0.9643
61050053,277,201,1123.29988,38,3.894642012,3.0789
23258477,217,101,1123.29969,19,4.605301105,0
23592720,261,159,1123.25994,39,4.0412739,3.5385
22208976,235,168,1123.08985,17,4.292255979,4.1765
61708591,370,273,1123.04992,35,2.981471158,2.5429
64792778,345,250,1122.97999,30,2.997544044,5.6333
22903049,345,255,1122.93989,100,3.159527729,0.99
66082390,310,195,1122.87988,52,3.502579395,1.4038
30040961,237,113,1122.8198,26,4.073736753,2.2308
22206132,308,234,1122.58992,23,3.465973317,0.4783
60274178,265,169,1121.62974,58,3.767351415,1.3621
59713337,352,204,1121.42995,38,3.143828284,3.4474
41547692,277,138,1120.63989,27,4.196722434,2.2963
21602075,234,129,1120.34971,29,4.406028983,3.4483
37708163,274,157,1120.11993,14,3.764806825,11.6429
22352041,287,188,1119.81994,16,3.665865676,2.6875
37052128,331,189,1119.48995,83,3.286058113,0.9398
41538666,279,198,1119.18988,28,3.807851588,5.1071
60781779,299,156,1118.94973,64,3.551236373,1.75
40173502,301,170,1118.90993,15,3.828132543,1
62350454,309,217,1118.37994,16,3.634899685,0.8125
58872349,230,138,1117.80985,11,4.730436026,14.8182
63380727,315,192,1117.75991,58,3.458936645,0.7069
39353074,288,130,1117.65982,50,4.100086059,0.52
21160843,330,245,1117.06996,32,2.887161414,0
60592475,283,199,1116.6299,39,3.631402581,1.9231
22153069,368,143,1116.36986,74,2.218860074,1.2838
22114386,304,104,1115.83988,41,2.790961814,1.4634
64892800,309,184,1115.02993,37,3.530813662,1.1351
27788145,291,171,1114.95984,27,3.930379075,1.4815
22284396,304,141,1114.91993,12,3.311957007,0
24330715,324,201,1114.80991,35,3.325508997,2.0571
59324104,213,117,1114.0499,22,4.561658329,1.1364
50108815,283,206,1113.62984,54,3.644748557,1.5185
64878737,313,214,1112.96978,30,3.704553762,1.5
64795992,287,162,1112.23994,20,3.55486626,4.45
22338418,272,179,1111.49985,12,3.572984692,9.25
60450714,429,218,1111.42,55,2.381475857,3.2364
60331466,282,191,1111.41992,20,3.764285411,9.55
52863090,284,130,1110.88,16,3.679322697,5.625
59971302,265,124,1110.41968,10,3.577439239,0
59489010,353,217,1109.38995,108,3.053710444,0.8241
22339180,233,168,1108.45976,66,4.517177203,0.5455
62369271,307,240,1108.33988,61,3.482757143,0.7869
62505663,258,219,1108.3098,12,4.081296304,5.0833
61116159,317,228,1107.88991,17,3.458780298,4.5294
22114139,293,179,1107.55989,15,3.766545997,0.7333
58883832,311,207,1106.95992,21,3.3379675,0.1429
61045707,333,188,1105.81997,24,3.585394227,0.2083
59564024,254,193,1105.63966,31,3.562219172,2.2258
51904814,323,192,1105.5699,43,3.077440073,3
60115750,323,57,1104.92979,38,3.025271181,0
51845547,359,266,1104.72989,59,2.960333058,1.6102
51878031,332,178,1103.80994,26,3.490587079,0.9231
65774447,218,139,1103.68976,14,4.239211869,2.6429
58300838,207,167,1103.32969,16,4.688332174,7.4375
34432049,313,233,1103.31989,36,3.596306429,1.2222
41524871,277,165,1102.86988,36,3.882111498,2.75
52623407,203,95,1102.86977,20,5.126085249,4.75
40046262,340,138,1102.23994,21,3.458061246,0.2381
21178390,229,115,1102.2398,17,4.523420197,0
63196718,301,209,1102.06997,29,3.639899178,0.6897
22341111,402,202,1102.02992,42,2.63266593,1.8095
61774534,293,219,1101.24987,21,3.641481672,5.5238
59976450,279,195,1101.08984,43,3.799963243,1.5581
21428776,311,209,1101.05982,50,3.357032977,0
61050031,285,199,1100.96993,16,3.724709176,6.125
52431296,386,229,1100.64992,27,3.066127639,0.1481
59564900,283,174,1100.60991,36,3.616660512,2.4444
64072177,304,201,1100.3599,30,3.933642199,1.3
62331425,288,181,1100.03993,81,3.661812168,1.0247
58643798,279,190,1099.89985,30,3.615697494,3.7667
39446821,379,209,1099.05997,38,3.024074503,2.1053
59650907,273,248,1098.19989,8,3.694828088,11.75
23638151,282,198,1097.88987,25,3.448805931,2.68
39448580,388,176,1097.49993,38,3.116373462,1.2895
59566464,306,181,1097.3199,65,3.391008476,0.4308
59505875,312,178,1097.22989,26,3.138544855,2.1538
21469602,285,179,1096.91986,16,3.642995993,6
40096287,346,213,1096.7499,24,3.285316918,3.75
61473613,284,174,1096.65988,19,3.813142429,6.6316
61364303,283,213,1095.79984,20,3.571276152,3.9
23723536,275,190,1095.47984,53,3.787517701,0.8113
39435953,367,240,1095.43995,61,2.998971704,1.7377
34836621,290,147,1095.29995,17,3.688086034,6.1765
60543626,310,216,1095.06993,25,3.382845914,6.6
25703435,355,224,1094.90002,17,3.240570044,0.4118
36797009,279,195,1094.50991,16,3.802360827,2.5625
60745437,224,73,1094.43979,17,4.281561496,0
66587550,336,129,1094.04985,51,3.343588946,0.6863
59537095,233,141,1093.83983,12,3.719133669,0
34493734,318,136,1093.25985,22,3.015204088,8.5
59063280,302,230,1093.06996,12,3.368846507,3.75
64655051,368,265,1092.86993,36,3.118157445,0.9722
60641225,326,175,1092.37995,43,3.096064676,2.7209
61885915,197,125,1091.05963,19,4.558255876,4.9474
37160513,284,223,1091.0098,14,3.54340314,4.4286
61351219,230,140,1090.97973,20,4.154732776,0.85
35118062,371,268,1090.69993,36,3.177646821,1.2222
59982485,384,281,1090.09996,49,2.681191008,1.1429
53228344,243,142,1090.05989,21,3.768381178,4.7143
22386433,235,130,1090.04992,44,4.586328642,1.3864
39548890,264,195,1089.84983,26,3.779131185,3
21623382,347,171,1089.31997,26,2.913008663,1.0385
62303606,357,171,1089.24987,46,2.894588881,0
21438486,258,204,1089.10986,6,3.915070575,29.3333
61053812,397,235,1088.04996,61,2.793267612,1.4918
51920641,319,177,1087.95987,31,3.547842712,0.7742
25784479,241,143,1087.8299,26,4.143236183,4.1923
52882152,256,147,1087.00981,11,4.375730849,0
33225492,247,154,1086.93974,48,4.33836031,1.25
62341494,265,181,1086.91987,15,3.952547053,2.7333
22300953,272,140,1086.54984,20,3.286249631,10.95
60510898,190,133,1086.49966,13,4.95039552,4.6923
60331118,398,330,1086.1699,28,2.541319936,5.4643
36174219,299,244,1085.95989,41,3.404875407,1.2927
23785585,339,170,1085.0299,13,3.001316272,0
34946554,310,178,1084.66996,16,3.617374348,0
39448879,357,238,1084.28999,25,3.164104392,5.96
60916447,230,163,1084.18974,28,4.491078667,2.3929
21725038,249,207,1084.05982,11,4.076524899,5
60579873,275,169,1083.68988,55,3.756800085,1.3091
64220908,301,187,1083.57994,12,3.592499696,6.8333
61122864,237,107,1083.49983,16,3.620786745,4.3125
59427809,213,100,1083.0298,58,4.413723885,1.0172
58818135,320,197,1082.82994,19,3.290187328,10.4737
51840723,330,246,1082.55989,43,3.407696782,1.4884
59071449,269,155,1082.28994,28,3.691260727,2.75
62362940,325,186,1082.16984,17,3.303265343,6.2941
64902185,272,177,1082.12992,40,3.841277481,3.5
36180191,264,155,1082.05994,27,3.906653721,2.1852
37126522,289,180,1082.04994,12,3.647395651,2.5833
58892085,270,156,1081.67973,37,3.608182211,0.8649
58316050,293,207,1081.54989,33,3.309794247,1.6364
23622971,399,213,1081.50995,49,2.714166513,2.4694
64724603,273,169,1081.32986,24,4.015044721,1.25
59427700,358,238,1081.26999,82,2.86507171,0.8537
36541548,228,117,1081.01961,37,4.132686396,0.2432
59912514,280,213,1080.91988,43,3.725142429,2.9302
59609732,432,204,1080.61994,44,2.386755686,2.4545
22245275,304,170,1079.9299,22,3.592246216,3.1818
58647230,295,229,1079.72992,25,3.027813776,0
28295759,263,174,1079.67996,38,3.984243455,1.3421
58642275,285,215,1079.58991,10,3.479740627,17.4
62437007,322,243,1079.10993,27,3.351491825,5.0741
23617158,312,163,1078.40991,19,3.274919599,14.4211
22830728,336,194,1078.01994,44,3.105626657,1.8409
35112939,227,181,1077.98981,16,4.43497728,6
36875981,260,108,1077.93982,42,4.19909378,1
59589581,241,163,1077.53985,21,3.997353583,1.1429
36172216,361,264,1077.26996,23,3.019536376,3.2609
23293455,230,124,1077.19978,20,4.438274367,1.5
27990676,249,157,1076.91986,17,4.229823807,2.7647
34336265,328,156,1076.89999,21,3.023526983,7.7143
59727835,207,135,1076.54983,30,4.909999248,1.5
21476257,272,129,1076.41987,38,3.902648769,2.8684
60427683,202,144,1076.15972,9,4.593596298,9.8889
58869543,283,161,1075.99988,15,3.58545894,0
41544659,293,200,1075.80992,18,3.490337663,13.8889
63725719,313,235,1075.49995,28,3.385830458,3.75
59310872,264,213,1075.16991,35,3.929771521,3.0286
39749603,240,135,1074.86979,19,4.230049225,3.8421
59427918,293,134,1074.53995,25,3.396810172,1
61764323,315,119,1074.45983,42,3.688838483,1.1667
22307358,268,142,1074.16988,20,3.685274232,11.05
59563574,231,165,1072.82989,29,4.308749598,2.2759
52239284,274,139,1071.58978,22,3.815037272,3
20819679,243,113,1071.53982,33,4.037419132,1.9697
22114385,365,152,1071.22999,36,2.77464283,3.4167
64059201,224,169,1070.45979,23,4.228437246,6.2609
61155953,241,125,1070.03988,6,4.280027994,0
37731968,283,212,1069.80986,32,3.784928564,5.75
59738298,347,163,1069.68993,117,2.937078328,0.7521
22308252,287,225,1069.05989,11,3.554664011,8.7273
52645768,305,194,1068.91991,37,3.481231583,1.6757
36367598,323,193,1068.45995,23,3.016573139,13
59777126,178,125,1068.42966,20,3.515254662,0.25
60636562,300,220,1068.14996,16,3.323610978,6.375
27909010,267,188,1068.06988,27,4.000870777,5.6296
40043737,262,164,1067.0699,27,3.734654442,2.2963
61304445,356,195,1066.51989,64,2.804433116,1.0781
59983352,265,196,1066.31988,22,3.050938477,6.9091
39555052,303,187,1065.9999,65,3.29963723,1.0923
60641229,395,197,1065.95995,60,2.674077292,1.5833
52158010,265,185,1065.93994,17,3.553522598,1.5882
60441425,241,147,1065.76975,28,3.918395899,3
26030416,267,205,1065.23985,19,3.945781851,0.6842
23380837,313,103,1065.10991,47,3.156474686,2.1277
52239289,310,190,1064.76996,61,3.472809231,1.1967
40168114,225,161,1064.62978,7,4.607536479,18
34447909,260,164,1064.14986,29,3.601850098,4.1379
59428139,393,237,1063.92983,81,2.581769916,0.9753
53237452,239,116,1063.34997,21,4.241512479,2.2857
34457174,312,198,1062.88994,45,3.043209524,1.1556
33454097,298,57,1062.15999,28,3.52738978,0
62452781,325,206,1062.06988,15,3.280980646,2.2667
62490433,284,151,1061.9599,36,3.870023736,0.9444
28186109,265,200,1061.59984,41,3.431627838,0.878
23582538,278,193,1061.56988,27,3.783776565,2.6667
22206885,305,206,1060.57993,31,3.313311116,1.871
59679208,289,152,1060.36988,94,3.238981839,0.7447
58461636,248,145,1060.12983,29,4.205886452,2.3103
58441501,288,241,1059.91993,13,3.52718147,7.3077
39314752,184,109,1059.54968,13,4.742895109,4.4615
37148094,266,146,1059.27984,66,3.743421155,0.8939
51084193,334,208,1059.12991,18,3.130786541,2.1111
58641079,269,190,1058.95992,24,3.808094962,2.9583
61823378,267,217,1058.85992,10,4.036755578,0
53234418,192,135,1058.57967,18,4.667982949,1.1111
23796346,289,201,1058.55991,53,3.559312063,1.5472
58644647,246,169,1058.55984,21,3.332729898,4.8571
40166950,290,195,1058.44984,29,3.763601595,0.8276
64025452,311,212,1058.15995,37,3.136985785,2.7297
58358122,562,198,1057.70996,139,1.673556078,0.9712
37473438,331,169,1057.19995,42,3.097133918,3.3095
60449872,245,165,1056.86988,24,4.07732463,4.5
62507580,222,142,1056.46974,26,3.96850149,2.6923
59469160,275,136,1056.34988,22,3.717095147,11
34323855,245,154,1056.3399,10,3.803024393,3.7
22594838,267,198,1055.54989,28,3.819298864,5.0357
36765413,351,243,1055.31997,26,2.903160747,8.8462
59578245,301,87,1055.10998,13,3.132524884,2
35103930,222,125,1055.00973,29,3.980519538,3.6897
59542464,234,82,1054.84973,16,3.533916667,0
61303383,209,155,1054.83976,22,4.4656689,1.1818
39354142,293,231,1054.65988,14,3.294297586,7.5714
23742881,222,157,1054.37987,12,4.261448403,4.5833
53792038,245,157,1053.9899,42,3.988387418,1.0952
41538202,280,158,1053.98988,13,3.755662673,4.6154
58638857,331,196,1053.44984,57,2.601340168,1.2982
58777813,310,215,1052.35993,48,3.364760067,0.2917
59919619,286,142,1051.53993,25,3.56262383,1.16
62333378,386,174,1051.37993,34,2.871097371,1.5882
28298973,248,160,1051.28985,25,3.741924752,3.92
21099746,259,189,1050.91986,36,3.953512992,1.4167
59502363,278,225,1050.9099,36,3.611852194,2.0556
39946090,260,183,1050.81987,28,3.762548249,4.25
61742353,283,229,1050.60996,32,3.570989065,1.6875
58639848,245,162,1050.17972,41,3.653971391,2.1463
21641382,338,248,1049.95988,25,3.190106296,7.4
58587423,331,242,1049.52993,13,3.000107829,0
23678500,248,172,1048.84986,35,3.995086841,1.4857
62456145,295,176,1048.18997,50,3.431275408,2
51902161,304,241,1047.9499,28,3.418237008,4.6071
61137876,305,209,1047.80991,44,3.377920495,1.8636
40174583,297,190,1047.76991,32,3.42615051,8.125
28753416,400,244,1047.69,59,2.575125,1.4746
58393475,277,137,1047.6299,56,3.636046625,1.4643
39427370,219,123,1047.10988,17,4.41715228,0
29344774,311,194,1046.44989,48,3.375682469,1.9167
34341182,187,103,1046.23968,15,4.576728377,8.8667
39835337,305,198,1045.28993,12,3.239561173,13.6667
23485777,292,226,1045.23993,16,3.482639572,0
22007012,210,102,1045.06984,51,4.362072267,0.4902
22163939,270,218,1044.50982,20,3.622521097,0.95
61052934,228,121,1042.94984,23,4.386821533,6.1304
40233993,268,198,1042.84984,34,3.539429286,3.5588
37153883,292,179,1042.64997,29,3.421746473,2.2759
59540638,288,167,1042.63989,22,3.455976281,2.3636
62662704,332,201,1041.64993,20,3.424524148,1.55
61769292,277,199,1041.61991,20,3.748955623,0.7
59487328,221,96,1041.3398,64,4.202668891,0.875
23743260,284,171,1041.29987,25,3.885679651,2.4
40172922,363,170,1040.86999,28,3.155115549,0.3929
40174927,259,188,1040.81981,15,3.879919881,1
23748390,317,156,1040.58,23,3.167066246,2.8696
22836781,241,82,1040.52987,33,3.214708061,0.9697
51887253,222,158,1040.49979,5,4.402153851,36.2
36388992,245,140,1040.11985,20,3.449738166,4.6
20853553,252,171,1039.88987,22,3.413967956,0.8182
36833305,218,165,1039.54977,24,4.371727494,0
51077005,280,130,1039.53999,15,3.830695897,3.2
51904813,398,274,1038.68997,69,2.709316499,0.942
61339408,326,208,1038.05997,60,3.122120619,0.95
22283220,270,116,1038.00985,36,3.091653816,2.3333
59618322,277,149,1037.8999,43,3.555455803,0.8372
59519904,261,200,1037.52987,15,3.454226944,13.6
28430980,295,193,1037.40996,46,3.360587458,2.6087
22208950,315,205,1037.3999,15,3.056703557,17.4667
52237805,259,155,1036.88996,18,4.075968221,2.6111
34376658,236,187,1036.86984,27,4.259406144,1.8889
64888808,309,210,1036.71989,34,3.492223696,2.0882
41531130,311,233,1036.56994,88,3.271448606,0.9205
59037807,205,100,1036.32972,13,3.886663205,6.4615
60806377,254,188,1035.81985,18,3.622020695,5.2778
59503011,314,182,1035.73991,38,3.052081741,2
64930707,255,161,1035.41976,14,3.213907886,8.7857
20991967,268,164,1034.60984,26,3.699843352,0.6154
20687723,288,226,1034.56987,36,3.503362193,2.0833
64985682,229,179,1034.52975,12,4.281903728,5.5
22526206,299,212,1034.3599,38,3.141245488,1.5789
40045178,281,207,1033.41989,14,3.491407671,2.0714
58242877,223,188,1033.20983,5,4.42493204,22.4
60857609,260,167,1032.72989,44,3.869749615,2.8864
52160619,245,153,1032.62982,47,3.678869413,1.1915
21675102,270,196,1032.3799,25,3.672471573,2.96
62454584,256,213,1031.87991,27,3.785314639,3.8519
23782728,241,188,1031.68985,10,3.565030705,8
51920762,317,201,1031.46997,31,3.406821606,1.7419
66384307,301,217,1031.32992,46,3.352567755,2.1739
40036955,307,109,1030.81995,35,3.158921405,0
61510997,347,224,1030.67993,48,2.969488099,1.2083
22587737,286,192,1030.41986,31,3.310153262,2.4839
58402015,350,140,1029.51994,56,2.831210202,2.8214
34424513,260,185,1029.10987,28,4.073233611,1.8929
59038818,280,132,1028.93995,74,3.37751792,0.7568
23599127,267,166,1028.69991,32,3.495188462,4.9375
61897110,220,119,1028.69986,26,4.182042425,3
62340965,334,176,1028.67998,15,3.405165992,0.1333
40167767,260,165,1028.53997,26,3.849450807,2.1923
23651870,424,273,1028.30996,129,2.390034467,0.3333
52618465,249,193,1028.16987,11,3.9713167,2.1818
22282675,303,156,1027.95992,50,3.185067314,1.26
39532322,259,112,1027.91998,14,3.413204595,0
58651354,202,115,1027.64981,8,3.921657962,0.25
52638875,216,128,1027.61974,39,4.514619047,1.0256
23734972,298,241,1027.57997,30,3.310027864,2.5
21462018,281,188,1027.39997,17,3.463655753,11.4118
21584307,244,203,1027.0998,21,3.90143375,7.2857
23650168,296,209,1026.88997,37,3.491546289,3.4865
36791629,278,176,1026.68991,26,3.843283801,3.3077
59704761,253,135,1026.6199,68,3.803777869,0.5588
59769931,255,210,1026.45987,22,3.765473794,1.9545
39657282,229,108,1026.44981,45,3.823047456,0.7778
20844287,231,146,1026.27989,56,4.249768665,1.9107
62542099,251,115,1025.76992,14,3.808104516,0
20657011,208,164,1024.56982,15,4.701345313,5.4667
29343859,282,145,1024.48988,16,3.170847811,2.5
58346289,302,172,1024.41987,54,3.180791395,1.7778
29375663,244,167,1024.34986,16,4.026146967,0.8125
52105497,266,127,1024.32985,30,3.42486285,1.1333
59004452,225,169,1024.31987,48,4.367510636,1.6458
62390534,205,157,1024.30977,6,4.257617183,10.8333
51082246,302,166,1024.29997,26,3.194335501,5.0769
22256545,194,148,1024.18971,8,3.900836742,20.375
63423092,280,110,1024.16996,30,3.63913343,2.6
39937426,290,203,1024.07977,24,3.309081383,0.875
64306377,322,190,1023.96993,67,3.140749295,0.8955
62421421,363,200,1023.54996,20,3.031720029,0.15
21152309,310,182,1023.37987,38,3.257417229,2.6053
61281878,309,171,1023.35993,37,3.224543795,2.1351
24664820,247,177,1023.1898,35,4.097438232,2.0286
50048759,299,155,1022.68987,23,3.378843095,4.3913
42458237,295,216,1022.65991,54,3.321382708,0.5185
59655232,292,142,1022.60983,48,3.090224578,1.125
21567521,199,117,1022.5697,20,3.729616461,8.45
21469603,208,137,1022.49972,14,4.261376757,0.2857
23865678,289,119,1022.37988,57,3.688720809,1.2807
61062114,134,64,1022.3694,7,4.985536184,19.1429
52186133,259,144,1022.07987,40,3.753039915,0.925
25708608,175,107,1022.03967,10,4.506062157,3.3
40168914,282,174,1021.60987,34,3.526839474,3.1471
23786727,259,172,1021.45988,12,3.496531162,21.25
22341902,270,161,1021.02993,17,3.643482289,5.9412
58879479,210,127,1020.45975,12,3.978268144,0
40043718,255,161,1019.8699,58,4.053967206,1.3276
20808016,504,214,1019.78998,85,1.694161635,1.0471
62345586,257,187,1019.35992,28,3.858195804,5.25
62370185,240,147,1018.69987,26,4.062607636,5.2692
52516769,343,204,1018.3699,47,3.001982464,1.4255
63907638,241,116,1018.28999,30,4.1038589,1.5
21607182,310,220,1018.20993,14,3.09726517,4.1429
58889741,195,165,1017.84972,14,4.249846456,4.8571
39831006,285,183,1017.72995,29,3.701263357,1.6552
60852470,232,112,1016.52993,37,4.097176444,0
40166558,206,140,1016.5098,20,4.57940204,2.25
34418792,287,136,1016.4999,16,3.763775769,0
22210790,226,142,1016.45979,19,4.049615785,1.8947
59590398,349,165,1015.95994,19,2.773907874,1.9474
50949492,211,147,1015.49997,17,4.856076411,3.8824
59028663,205,127,1015.49978,25,4.293137329,3.2
21619749,472,216,1014.65993,98,2.385346488,1.3571
27700317,271,179,1014.57993,21,3.636059247,5
40122871,209,123,1014.4397,16,4.855827805,3.8125
22340710,236,187,1014.33984,31,3.504624603,1.2258
59463367,242,148,1014.10991,11,3.998835737,7.9091
33453064,231,177,1013.34992,19,4.161839545,3.7895
22749697,271,210,1013.26985,28,3.554501364,6.6786
21429392,259,193,1013.10987,21,3.867606518,7.1429
40149644,314,178,1012.90995,8,3.325196957,0
64447919,289,146,1012.70988,39,3.490089838,2.4359
39744872,334,204,1012.55991,28,3.329043605,0.1786
39624653,180,66,1012.1098,17,4.555489875,0
59566475,324,74,1011.79999,32,3.087987585,0.8438
64011212,231,101,1011.67987,112,4.314867873,0.4643
22352104,226,160,1011.6698,12,4.020200219,3.1667
61820374,361,200,1010.93988,77,2.474763368,1.1948
58588567,225,143,1010.90983,48,4.0513446,0.9792
25773548,228,146,1010.85992,29,3.805463094,0.7241
61544740,275,203,1010.56994,33,3.680716654,1.3333
34336099,239,192,1010.43975,40,2.516580714,1.15
64649872,278,221,1010.34988,18,3.621799527,9.0556
60618051,275,184,1009.90993,61,3.539181914,1.3934
23591639,240,127,1009.87994,25,4.090229833,4.28
58910837,362,256,1009.72,76,2.791765508,2
42473293,245,133,1009.70996,16,4.090075281,1.9375
59503597,182,116,1009.48981,26,3.896528873,0.1154
39627949,279,181,1008.97989,25,3.51632083,3.12
52239056,259,102,1008.76988,38,3.783193988,4.2368
59600431,389,210,1008.68986,173,2.404194965,0.3295
62668866,255,98,1008.54991,33,3.508989252,0.2121
41527422,238,174,1007.37989,8,3.819010833,0
37705959,276,208,1007.34988,41,3.604611993,2.9268
59506849,255,101,1006.74989,85,3.671462026,1
61753871,329,150,1005.67992,17,3.273636113,2.7059
21581710,205,145,1005.26981,29,4.01517098,1.1724
58876767,273,219,1004.06989,19,3.574943848,1.5789
36876486,269,216,1003.91991,11,3.274747083,1.8182
59618361,291,204,1003.35999,48,3.2239655,1.3542
39655335,318,234,1003.26995,10,3.284809745,0
21581082,316,207,1002.93994,31,3.24045882,0.5806
41514700,406,243,1002.88998,164,2.401901631,0.2378
22996787,409,183,1002.3099,41,2.187622359,2.561
34455867,217,155,1002.26985,31,4.376689363,2.0323
59037984,282,190,1001.70988,61,3.377943511,1.0328
64886370,160,125,1001.57954,19,5.143044634,3.2105
41542837,242,147,1000.6099,64,3.929415613,0.9063
65906590,211,100,1000.53972,25,4.561104629,0.52
60636119,297,119,1000.43997,68,3.226717071,0.9853
28331629,232,109,1000.22996,20,3.845391207,2.8
51277977,254,149,999.84997,13,3.83202369,4.8462
22524564,315,163,999.54998,57,2.907292914,1.1579
59970696,244,182,998.98974,42,3.766350278,1.8095
23742910,254,188,998.70989,22,3.599999605,4.2727
61861648,314,211,998.41996,18,2.836944354,5.6111
39357824,292,179,998.34992,28,3.35347191,1.0714
52611959,232,182,998.14988,10,3.69001424,2
51916348,267,178,998.08996,23,3.693257424,1.8261
59920628,252,152,997.84989,51,3.843774719,1.9412
21027554,370,249,997.33002,31,2.495555528,1.3226
59499107,318,205,997.32996,15,3.143818576,17.2
53102081,225,166,997.07978,50,4.118658378,1.58
59341088,187,98,996.78974,54,4.807794556,0.6852
58910820,314,181,996.71999,13,3.034581929,19.3846
24540727,215,153,996.08981,15,4.008854463,1.0667
28300200,327,188,995.86992,66,2.830925772,1.5758
59788166,263,172,995.45988,26,2.829941618,2.4615
37448906,319,119,995.37001,17,2.920930599,0
39357693,284,190,994.82,13,3.89967011,0
20656623,193,152,994.36979,22,4.802736554,4.8636
22249803,229,116,993.86983,9,3.970884292,3.8889
40043851,246,175,993.56986,25,4.019107324,2.72
58469885,226,178,993.19974,25,3.401692087,2.36
35113264,246,151,992.5999,83,3.993073361,0.759
50264728,258,185,992.02989,18,3.87224372,6
59012100,226,125,991.53979,23,4.236546218,2.2609
22114405,252,156,991.43994,20,3.593273607,3.95
62312906,232,114,990.86994,13,4.067021478,5.2308
34498518,237,162,990.75989,19,3.793661931,1
62458224,188,97,990.50977,43,4.209049854,1.6744
22316671,319,155,989.89994,16,2.927248255,6.9375
61829901,251,191,989.71988,9,3.676891992,6.3333
58644654,244,164,989.0299,25,3.627277469,2.56
28211350,272,195,988.94994,11,3.667992074,1.1818
60557079,255,217,988.90987,40,3.723784446,1.775
59501308,247,139,988.88986,29,3.968007541,0.6207
22114190,273,142,988.8799,24,3.331709158,2.875
40174207,311,180,988.72998,18,3.435744851,1.8333
22208962,276,145,988.49992,34,3.483919048,1.7353
53467052,316,166,988.07003,24,2.902140575,11
58338188,208,170,988.04987,10,4.300063558,4.7
52997281,290,228,987.8799,25,3.092947966,4.88
51637013,244,166,987.55981,18,3.941197624,1.3889
60820887,173,105,987.18964,9,4.603855325,10
37611322,242,109,987.10998,69,3.128181106,0.8116
61802640,202,87,987.03983,19,4.422461516,2.0526
22187479,242,165,986.69993,12,3.902839979,7.6667
60026247,345,158,986.33991,67,2.543878579,0.9552
46670850,212,122,985.87983,38,4.261714975,1.0789
60368658,312,205,985.85993,30,3.322762928,3.5667
41536377,302,183,985.62993,13,3.34874395,2
21573394,220,133,985.46981,35,3.429086336,3.3143
59618370,224,94,985.44992,28,3.863615759,0
21451518,216,153,985.44988,23,4.114798341,0.913
21635148,229,184,985.05988,17,4.263459308,2.0588
59725564,253,93,984.7799,61,3.521666378,1.6885
36875701,294,184,984.66995,36,3.499543149,1.0833
46670555,246,116,984.19994,56,3.864457984,1.0714
61883630,200,58,984.19961,21,4.008878607,0.381
20906291,301,203,983.99,43,3.462013447,1.5349
62392839,294,149,983.31998,30,3.412595052,2.4667
59085120,271,171,983.19996,13,3.383357804,0
58607435,334,208,983.16992,109,2.911762622,0.5321
40165591,244,157,982.94985,30,3.861154328,3.9333
60808616,221,191,982.81991,12,4.245248484,0
62329146,254,193,982.34994,18,3.469677055,1.2778
21284858,255,187,982.06996,9,3.750098656,1.5556
37126405,210,125,980.52987,20,4.533635789,1.55
64040173,252,181,980.3999,24,3.955496109,1
51920760,322,177,979.92997,18,3.295290065,0.5
58650524,395,199,979.75992,36,2.400645392,3.2778
40172926,320,205,979.10994,34,3.231698974,0.7353
34935923,282,106,979.09991,132,3.419693885,0.4848
22904255,267,130,979.02995,38,3.618541439,2.3158
36394799,214,124,979.02982,20,4.230750446,0.9
53630081,251,163,978.7299,12,3.760267037,2.6667
40180541,249,146,977.99989,28,3.841686979,3.6429
53545926,227,160,977.87981,28,4.157065933,1.2143
